flight_id,external_id_raw,flight_purpose,takeoff_utc,duration_min,verdict,linked_event_number,linked_dt_minutes,linked_nearest_km,real_path_km,turn_deg_per_km,loiter_density,dest_lat,dest_lon,dest_dist_from_dock_km
04dc6f30-8911-4a26-b6e8-1fc047629206,PD202600390493,PERSON WITH WEAPON,2026-05-26T19:03:18.672000+00:00,15.28,plural,PD202600390493,1.7,,7.29,2140.3,0.152,36.2536,-86.7208,3.43
c4ee5275-12ee-46fc-9614-7d26be687a07,PD202600390493,PERSON WITH WEAPON,2026-05-26T19:12:35.454000+00:00,11.42,plural,PD202600390493,11.0,,7.06,292.6,0.375,36.2536,-86.7216,3.49
5ad6cf0e-8f8b-4d77-9edb-ef552265635e,PD202600390721,VEHICLE ACCIDENT - PROPERTY DAMAGE,2026-05-26T20:34:37.858000+00:00,8.08,plural,PD202600390721,-13.3,0.33,3.847,1120.7,0.375,36.264,-86.7104,2.01
7d44855b-9d5c-4f4d-8dfd-daeedda8bf1d,PD202600390744,HOLDUP / ROBBERY,2026-05-26T20:56:33.566000+00:00,13.1,plural,PD202600390744,1.2,,5.653,3283.7,0.197,36.2924,-86.7,2.3
3f2a3e15-aaa6-4c17-8544-3b4d0a7ac68d,PD202600390721,VEHICLE ACCIDENT - PROPERTY DAMAGE,2026-05-26T21:55:47.106000+00:00,7.61,plural,PD202600390721,67.8,0.293,3.888,1489.0,0.447,36.264,-86.7112,2.07
d015ceb2-873a-4560-8f32-390eb242dc8f,PD202600390843,SAFETY HAZARD,2026-05-26T21:30:01.211000+00:00,11.25,collapsed,PD202600390843,-0.9,0.101,4.025,2768.5,0.391,36.2636,-86.7112,2.09
28637e47-cb0f-4326-beb7-c3869d4f1126,PD202600390784,VEHICLE ACCIDENT - PROPERTY DAMAGE,2026-05-26T21:09:54.529000+00:00,8.17,plural,PD202600390784,-0.6,,4.72,3879.5,0.393,36.2936,-86.7,2.43
07b42f35-0576-4c9f-bffc-33daa5eb503b,PD202600391002,SUSPICIOUS PERSON,2026-05-26T22:28:39.668000+00:00,6.82,void,,,,3.011,1658.3,0.289,36.2632,-86.7032,1.54
78224bb1-18a4-445d-a170-62c8473314ad,PD202600391110,THEFT,2026-05-26T23:05:57.064000+00:00,18.55,plural,PD202600391110,-1.8,,6.688,4495.4,0.169,36.2672,-86.712,1.99
e9b9b7d9-c682-4010-a878-c7bab142c7d4,PD202600391211,VEHICLE ACCIDENT - PROPERTY DAMAGE,2026-05-26T23:51:10.216000+00:00,14.58,collapsed,PD202600391211,-0.8,0.037,4.99,8245.5,0.362,36.2624,-86.7136,2.34
2eee7974-6443-49e7-952d-bf1f4c539b18,PD202600391240,SHOTS FIRED,2026-05-27T00:02:55.671000+00:00,23.54,plural,PD202600391240,-0.2,,2.488,19795.1,0.648,36.268,-86.6816,1.01
af207d28-2295-4065-8042-5e0ae5c27602,PD202600391240,SHOTS FIRED,2026-05-27T00:24:08.079000+00:00,10.02,plural,PD202600391240,21.1,,1.906,6201.8,0.738,36.2684,-86.682,0.96
dfbb3117-a792-491d-89e4-5fb97df02ba6,PD202600324534,THEFT,2026-05-27T00:31:52.552000+00:00,18.69,plural,PD202600324534,37294.4,,5.989,5226.4,0.719,36.2964,-86.6992,2.7
72a72e4f-66c8-42ba-ba52-35d4d20379b8,PD202600324534,THEFT,2026-05-27T00:47:45.378000+00:00,16.35,plural,PD202600324534,37310.2,,5.105,717.6,0.876,36.2956,-86.6968,2.57
3adae817-5396-4d53-a40f-d315332eacc4,PD202600393042,SUSPICIOUS PERSON,2026-05-27T17:01:09.268000+00:00,20.61,void,,,,4.931,5831.6,0.328,36.266,-86.7116,2.0
7cce8ded-bf3a-4571-b7f9-d889d46ab6c7,PD202600393114,DISORDERLY PERSON,2026-05-27T17:47:41.366000+00:00,19.63,collapsed,PD202600393114,-0.5,0.243,4.92,1215.4,0.887,36.2584,-86.712,2.49
c03f6aed-3dce-4697-979e-8282fb16ad0e,PD202600393163,PERSON WITH WEAPON,2026-05-27T18:17:45.926000+00:00,14.77,plural,PD202600393163,1.1,,2.523,12086.3,0.417,36.2668,-86.6936,0.73
c76cc087-c81e-4ec6-8cf5-3062e9509804,PD202600393084,PERSON WITH WEAPON,2026-05-27T17:31:09.265000+00:00,16.33,plural,PD202600393084,3.9,,7.672,1175.9,0.338,36.2956,-86.6996,2.63
2be67a15-27db-40a9-b35c-d997df1a0371,PD202600393142,DISORDERLY PERSON,2026-05-27T18:05:12.778000+00:00,15.75,plural,PD202600393142,-0.9,,6.485,2612.4,0.121,36.2572,-86.7136,2.68
513d9d69-8932-4b43-9ea0-5d6f83665499,PD202600393377,DOMESTIC DISTURBANCE,2026-05-27T19:34:43.775000+00:00,21.69,void,,,,5.143,5105.1,0.048,36.2588,-86.6964,1.65
9d3bf3bc-b499-4ccf-965a-4b76d140d35f,PD202600393377,DOMESTIC DISTURBANCE,2026-05-27T19:50:48.207000+00:00,10.7,void,,,,4.081,5287.6,0.737,36.2568,-86.7028,2.09
8bf48c45-f34d-4c15-b34c-a5d579516bcb,PD202600393417 / PD202600393394,VEHICLE ACCIDENT - PROPERTY DAMAGE,2026-05-27T20:01:55.870000+00:00,20.01,plural,PD202600393417,8.3,,5.683,4540.7,0.312,36.2944,-86.7008,2.54
9a7b3519-bcb6-4b15-8d6b-42fb5fefb1e4,PD202600393515,SAFETY HAZARD,2026-05-27T20:30:47.456000+00:00,11.09,plural,PD202600393515,1.0,,5.008,2149.5,0.076,36.2628,-86.7108,2.11
6f08bb8f-1b7a-4c9b-ba0e-1c55aa4d55ec,PD202600393394,DISORDERLY PERSON,2026-05-27T21:15:17.247000+00:00,17.92,void,,,,5.66,9270.3,0.434,36.2948,-86.6992,2.53
7329b061-e18d-4fac-a141-adeb05b9c7bb,PD202600393765,VEHICLE ACCIDENT - PROPERTY DAMAGE,2026-05-27T22:09:10.318000+00:00,15.99,plural,PD202600393765,-0.7,,5.399,5175.8,0.314,36.2932,-86.7004,2.4
bb39088a-953c-4836-8b9b-ae08faa348cf,PD202600394044,DOMESTIC DISTURBANCE,2026-05-28T00:13:39.090000+00:00,23.57,void,,,,2.326,14278.5,0.567,36.2664,-86.6948,0.81
31fd8040-1f2d-41e0-9941-a5488cb3f158,PD202600395605,PERSON WITH WEAPON,2026-05-28T15:55:23.727000+00:00,17.84,plural,PD202600395605,1.0,,7.948,2756.6,0.519,36.2552,-86.7184,3.15
f8e132b9-b53d-45bc-98c3-d8f77177f891,PD202600395690,PERSON WITH WEAPON,2026-05-28T16:30:24.907000+00:00,17.34,plural,PD202600395690,1.4,0.636,6.114,6150.5,0.372,36.2548,-86.7172,3.1
66bcf2d2-607f-403d-a522-ae8e67fb310c,PD202600396287,VEHICLE ACCIDENT - PROPERTY DAMAGE,2026-05-28T20:51:42.247000+00:00,10.66,plural,PD202600396287,-1.4,,6.059,1339.0,0.623,36.3012,-86.6912,3.14
cc9cc0c5-9d44-4d90-92b7-0f3968a363bf,PD202600396256,FIRE,2026-05-28T20:43:51.250000+00:00,3.32,plural,PD202600396256,0.0,,0.088,88987.9,0.0,,,
91528ae7-86de-4abf-a40d-085547dfb978,PD202600396334,PERSON INDECENTLY EXPOSED,2026-05-28T21:04:45.066000+00:00,16.49,void,,,,7.081,2606.1,0.257,36.3016,-86.6912,3.18
404a3681-16bb-40fa-80b4-717fb25ee2bc,PD202600396362,DISORDERLY PERSON,2026-05-28T22:02:26.175000+00:00,11.57,void,,,,6.265,701.2,0.642,36.2548,-86.718,3.16
2cd5bd75-071f-46a1-b848-5fad175837a7,PD202600396917,FIGHT / ASSAULT,2026-05-29T00:14:31.596000+00:00,19.77,plural,PD202600396917,-5.7,,4.983,4685.0,0.267,36.2628,-86.7144,2.38
3fa69387-24ec-43ab-a0c6-4c3d4dc12660,PD202600396979,DISORDERLY PERSON,2026-05-29T00:40:55.284000+00:00,20.94,void,,,,4.117,2038.6,0.866,36.2628,-86.7108,2.11
0d2b9bc3-7d0b-42ee-9f5c-9984ed0cd820,PD202600396979,DISORDERLY PERSON,2026-05-29T00:56:39.222000+00:00,15.28,void,,,,4.975,2107.6,0.462,36.2612,-86.714,2.44
34de212f-ff82-47c1-a74f-d798701be9f2,PD202600398598,DOMESTIC DISTURBANCE,2026-05-29T15:47:01.319000+00:00,13.9,void,,,,2.753,7320.6,0.297,36.268,-86.698,0.84
3b10858a-4e20-42b9-8ac3-aa619e923813,PD202600398598,DOMESTIC DISTURBANCE,2026-05-29T15:54:25.421000+00:00,7.64,void,,,,2.059,3501.0,0.4,36.2684,-86.7016,1.08
fbee8f94-38b6-47d4-b0e1-835f3d8b0d21,PD202600399097,FIGHT / ASSAULT,2026-05-29T19:26:55.467000+00:00,19.53,collapsed,PD202600399097,0.3,0.017,6.581,4399.2,0.115,36.292,-86.6952,2.15
828a2ecb-ab26-4d7d-b77f-44dd6980d3b7,PD202600399097,FIGHT / ASSAULT,2026-05-29T19:43:00.191000+00:00,9.2,plural,PD202600399097,16.4,0.163,4.512,1644.7,0.508,36.292,-86.6952,2.15
d5aaf43b-1560-4892-8d50-276d66b0392f,PD202600399270,DOMESTIC DISTURBANCE,2026-05-29T20:51:40.566000+00:00,4.16,void,,,,3.239,83.7,0.084,36.2832,-86.7052,1.7
c30bd7c3-8eb4-4862-aa48-21e4c84abc93,PD202600399278,VEHICLE ACCIDENT - PROPERTY DAMAGE,2026-05-29T20:58:45.059000+00:00,7.44,collapsed,PD202600399278,2.4,0.128,0.258,3762.1,0.801,36.2728,-86.6892,0.16
50e20911-3ef5-4b9e-a74b-758e1e1d00f0,PD202600399347,DISORDERLY PERSON,2026-05-29T21:21:09.637000+00:00,19.54,void,,,,8.228,4932.5,0.479,36.258,-86.714,2.65
17bc3b8e-ccd7-494d-ad41-3c510993ab20,PD202600399345 / PD202600399347,BURGLARY - NON-RESIDENCE,2026-05-29T21:27:21.343000+00:00,20.65,plural,PD202600399345,2.3,,6.486,2371.0,0.167,36.258,-86.7136,2.62
e2260b9e-c7f5-46d0-b16f-343d10f267a8,PD202600399580,VEHICLE ACCIDENT - PROPERTY DAMAGE,2026-05-29T22:59:31.671000+00:00,4.63,plural,PD202600399580,-2.1,,3.883,64.1,0.027,36.2748,-86.6912,0.2
77c1f152-7e43-4639-ac03-a9946ed17461,PD202600399692,HOLDUP / ROBBERY,2026-05-29T23:47:07.890000+00:00,9.83,void,,,,6.214,1008.1,0.189,36.2544,-86.7172,3.13
ff59bbd1-c052-40cf-b0b1-f9da36bd5b9b,PD202600408592 / PD202600408612,SAFETY HAZARD,2026-06-02T12:34:45.479000+00:00,13.65,collapsed,PD202600408592,3.6,0.078,9.708,590.4,0.165,36.2864,-86.7052,1.96
f2bc2b85-54f3-4496-b96a-7515ff3d653f,PD202600409010,BURGLARY - NON-RESIDENCE,2026-06-02T15:43:51.940000+00:00,13.25,collapsed,PD202600409010,2.5,0.04,4.179,3817.8,0.339,36.2708,-86.712,1.9
bf21f4d9-6218-4211-a555-97de0dedf473,PD202600409380,BURGLARY - NON-RESIDENCE,2026-06-02T18:37:27.840000+00:00,20.22,plural,PD202600409380,0.7,,5.79,5860.4,0.673,36.2548,-86.6816,2.19
b5b9f04b-58d5-49b8-a284-c86c37b6f08f,PD202600409380,BURGLARY - NON-RESIDENCE,2026-06-02T18:50:30.240000+00:00,19.58,plural,PD202600409380,13.7,,4.55,9636.0,0.932,36.2548,-86.6816,2.19
22cfe76c-2151-4a9d-b527-e3e48777be28,PD202600409380,BURGLARY - NON-RESIDENCE,2026-06-02T19:21:02.657000+00:00,20.11,plural,PD202600409380,44.2,,6.261,4923.2,0.091,36.2536,-86.682,2.3
08b6d597-43b4-48ef-964f-936885a0667a,PD202600409516,BURGLARY - NON-RESIDENCE,2026-06-02T19:57:51.455000+00:00,7.37,plural,PD202600409516,28.6,0.007,2.48,5049.0,0.229,36.2832,-86.6892,1.15
8521fb50-43b2-46c1-b92a-d804bd242dba,PD202600409571,SHOTS FIRED,2026-06-02T19:50:49.610000+00:00,17.04,collapsed,PD202600409571,1.5,0.026,10.622,985.9,0.179,36.2824,-86.7016,1.41
b5baf6d6-766a-404e-8067-550ed6a650fa,PD202600409586,SUSPICIOUS PERSON,2026-06-02T20:11:26.177000+00:00,14.02,collapsed,PD202600409586,13.6,0.092,6.859,2026.0,0.201,36.302,-86.6928,3.23
b298d9cd-846b-440f-98c0-5a9d30f1b366,PD202600409666,DISORDERLY PERSON,2026-06-02T20:38:27.263000+00:00,19.07,collapsed,PD202600409666,3.6,0.018,6.064,2868.7,0.388,36.2968,-86.7,2.77
c84821a9-f214-4960-ade5-acaa7a6e4dfc,PD202600409825,PERSON WITH WEAPON,2026-06-02T21:38:35.697000+00:00,14.23,plural,PD202600409825,2.0,,5.507,3071.7,0.399,36.2628,-86.7124,2.23
142d77e5-ff72-4774-bd9f-f378672c49b4,PD202600410282,BURGLARY - RESIDENCE,2026-06-03T00:34:58.883000+00:00,20.9,collapsed,PD202600410282,-1.0,0.174,5.129,1619.4,0.895,36.2932,-86.694,2.26
0f5261e9-eed6-4bee-accd-669e5d9949ff,PD202600410372,DISORDERLY PERSON,2026-06-03T01:26:28.170000+00:00,22.63,void,,,,4.485,6726.2,0.179,36.2692,-86.712,1.93
c291fea3-56b6-4b09-9267-036334de7afb,PD202600410436,BURGLARY - NON-RESIDENCE,2026-06-03T01:55:16.224000+00:00,16.62,plural,PD202600410436,3.7,,5.17,5551.4,0.297,36.2616,-86.7128,2.33
661e2f83-6665-4e10-99b0-4d417595d94d,PD202600410593,SUSPICIOUS PERSON,2026-06-03T02:50:22.669000+00:00,9.96,plural,PD202600410593,1.0,,1.918,5060.6,0.175,36.27,-86.6948,0.48
024564ce-9782-4142-9806-fd125390c163,PD202600410644,DOMESTIC DISTURBANCE,2026-06-03T03:05:20.968000+00:00,11.37,void,,,,1.711,10976.1,0.384,36.2696,-86.6836,0.76
e415a24f-4749-46db-a0df-f46246f7f47b,PD202600410593,SUSPICIOUS PERSON,2026-06-03T03:19:51.918000+00:00,23.52,plural,PD202600410593,30.5,,4.259,14489.0,0.235,36.2632,-86.7036,1.57
57e64561-2e94-4666-a3d8-250e88306606,PD202600411738,FIRE,2026-06-03T14:55:13.363000+00:00,15.7,collapsed,PD202600411738,-6.9,0.064,7.206,4435.1,0.288,36.3,-86.6912,3.0
20a70dde-9209-41ef-b29e-af0df186d5e4,PD202600411277,BURGLARY - NON-RESIDENCE,2026-06-03T12:12:20.298000+00:00,10.66,collapsed,PD202600411277,11.4,0.017,5.802,2111.3,0.318,36.2656,-86.6632,2.62
42b937c6-301e-4081-ae55-996b32b9347d,PD202600411470,THEFT,2026-06-03T13:23:38.457000+00:00,14.48,plural,PD202600411470,1.0,,6.303,1707.6,0.397,36.3016,-86.6908,3.18
6d6baa03-f844-4f38-b9be-525b71b0cb44,PD202600411782,VEHICLE ACCIDENT - PROPERTY DAMAGE,2026-06-03T15:26:01.848000+00:00,11.92,plural,PD202600411782,-1.1,,6.23,3793.6,0.287,36.2548,-86.7164,3.05
d00bdbb6-b05b-4fde-893a-f857b436180c,PD202600412349,FIGHT / ASSAULT,2026-06-03T19:48:38.877000+00:00,14.83,plural,PD202600412349,-2.8,,3.632,6260.2,0.163,36.2664,-86.7004,1.12
3e876912-37ec-4726-bdab-75968a638b21,PD202600412454,VEHICLE ACCIDENT-PERSONAL INJURY,2026-06-03T20:39:27.298000+00:00,9.1,plural,PD202600412454,0.4,,2.738,7530.7,0.283,36.2856,-86.694,1.43
566fa92e-e2bf-4389-8b04-1ca5aaa34729,PD202600412518,DOMESTIC DISTURBANCE,2026-06-03T21:04:51.742000+00:00,19.57,collapsed,PD202600412518,-2.2,0.131,6.257,7135.2,0.334,36.2588,-86.7096,2.3
2d975a04-829e-4d9b-822d-aeb654cda94e,PD202600412518,DOMESTIC DISTURBANCE,2026-06-03T21:59:42.807000+00:00,16.54,plural,PD202600412518,52.6,0.025,8.382,1684.1,0.078,36.2584,-86.7088,2.28
9f5039a4-bd0f-46eb-ac2c-eddca9c9aee1,PD202600412518,DOMESTIC DISTURBANCE,2026-06-03T21:43:19.849000+00:00,19.21,plural,PD202600412518,36.2,0.018,6.485,3742.0,0.149,36.2576,-86.7132,2.63
d65d6f1d-9486-4aae-8c64-874e9d5d69b0,PD202600412561,DISORDERLY PERSON,2026-06-03T21:19:19.089000+00:00,21.68,void,,,,5.195,4628.8,0.914,36.2936,-86.6996,2.42
29f8386d-b59d-47d6-b232-c82f077b43dc,PD202600412834,VEHICLE ACCIDENT-PERSONAL INJURY,2026-06-03T23:12:51.663000+00:00,14.63,plural,PD202600412834,0.6,,7.441,2203.9,0.061,36.2624,-86.6748,1.87
64e386db-2c4c-429a-a344-9e5bf957afb5,PD202600413263 / FD202600085129,BURGLARY - NON-RESIDENCE,2026-06-04T02:27:12.007000+00:00,20.2,plural,PD202600413263,1.4,,7.331,4588.2,0.344,36.2968,-86.7,2.77
7470381b-48ec-46ff-be56-e259bc30f34f,PD202600413263,THEFT,2026-06-04T03:04:38.214000+00:00,16.58,plural,PD202600413263,38.8,,6.197,586.6,0.534,36.298,-86.702,2.95
edf1c162-4e40-42c1-85e0-6532f32bac36,PD202600414351,VEHICLE ACCIDENT - PROPERTY DAMAGE,2026-06-04T14:04:02.175000+00:00,8.56,plural,PD202600414351,0.9,,4.067,1862.2,0.084,36.2632,-86.7032,1.54
596e6b83-d5fc-495b-a18a-c1cfc765d62f,PD202600414802,THEFT,2026-06-04T17:53:01.335000+00:00,4.33,plural,PD202600414802,-1.3,,1.288,3555.8,0.306,36.2688,-86.6888,0.51
cdf17d04-5e88-4a02-bdbb-c60d27a331c3,PD202600414802,THEFT,2026-06-04T18:13:33.109000+00:00,23.25,plural,PD202600414802,19.2,,2.367,11250.9,0.222,36.264,-86.6916,1.0
13cac167-fd6e-491e-8eaf-d70327690dc6,PD202600415021,VEHICLE ACCIDENT-PERSONAL INJURY,2026-06-04T19:33:16.542000+00:00,9.43,plural,PD202600415021,-2.0,,5.631,1083.7,0.331,36.256,-86.7156,2.9
133e0ead-96d6-4780-82ce-6e6892c9ce23,PD202600415151,DISORDERLY PERSON,2026-06-04T20:33:34.098000+00:00,10.01,void,,,,2.431,7113.7,0.357,36.27,-86.6836,0.74
b547b9f2-095b-41f7-992a-1bed1afb635e,PD202600415062,VEHICLE ACCIDENT - PROPERTY DAMAGE,2026-06-04T19:54:24.133000+00:00,9.55,plural,PD202600415062,3.0,,1.936,6575.0,0.842,36.282,-86.6908,1.0
85561d4f-3bea-48f6-ba35-9a38853f4ea3,PD202600415226,DISORDERLY PERSON,2026-06-04T21:19:26.796000+00:00,19.34,void,,,,4.75,9418.8,0.22,36.26,-86.6784,1.83
066c6214-f24c-4203-aa9d-bdf3ffb49220,PD202600415226,DISORDERLY PERSON,2026-06-04T21:02:41.837000+00:00,15.6,void,,,,3.504,4834.4,0.94,36.2612,-86.6776,1.78
1cd89a8b-b217-4a5f-97d1-895f09a81858,PD202600415356,PERSON WITH WEAPON,2026-06-04T21:53:07.441000+00:00,12.77,void,,,,5.938,1584.9,0.189,36.2508,-86.7008,2.62
21cb7e0e-645f-4ebe-861f-91356d03e66b,PD202600415385,DISORDERLY PERSON,2026-06-04T22:14:20.861000+00:00,9.87,void,,,,6.302,643.4,0.121,36.2792,-86.7036,1.32
fd49169a-f6c5-4a30-8e75-38d164f74eb2,PD202600415455,SUSPICIOUS PERSON,2026-06-04T22:43:25.390000+00:00,9.38,void,,,,5.04,1581.7,0.248,36.2928,-86.6992,2.32
6df6597a-e106-44a1-a59a-1a6b3a82c557,PD202600415461,PERSON WITH WEAPON,2026-06-04T22:45:24.790000+00:00,22.07,void,,,,5.764,7998.8,0.222,36.2576,-86.6728,2.37
7434c454-a104-495d-95ce-fd6da2e8dfd5,PD202600415634,DISORDERLY PERSON,2026-06-04T23:57:43.776000+00:00,15.43,collapsed,PD202600415634,1.9,0.047,6.595,1758.9,0.171,36.2956,-86.6996,2.63
e329e348-fe1c-428e-bade-52a876e2144c,PD202600415672,THEFT,2026-06-05T00:16:15.279000+00:00,19.22,collapsed,PD202600415672,4.9,0.03,6.501,2525.2,0.132,36.2832,-86.7144,2.38
a49b76db-65f9-402c-8da3-1f5903f96234,PD202600415825,SUSPICIOUS PERSON,2026-06-05T01:10:00.787000+00:00,11.01,plural,PD202600415825,-2.5,,4.698,1920.4,0.253,36.2636,-86.694,1.08
35709e4d-67b5-4b69-8cbf-ab17c7ceb274,PD202600415672,VEHICLE ACCIDENT-PERSONAL INJURY,2026-06-05T01:23:18.632000+00:00,11.85,plural,PD202600415672,72.0,1.406,6.592,451.1,0.051,36.2568,-86.7132,2.68
a18e7aad-46fb-46c2-8ddb-65ca06fdd79e,PD202600415672,FIGHT / ASSAULT,2026-06-05T02:58:25.548000+00:00,20.24,plural,PD202600415672,167.1,2.259,4.522,4249.2,0.776,36.2628,-86.7132,2.29
698637b4-c19f-43a9-b2fe-570855213eec,PD202600415672,FIGHT / ASSAULT,2026-06-05T02:51:15.820000+00:00,9.04,plural,PD202600415672,159.9,2.415,4.706,585.2,0.182,36.2608,-86.7128,2.38
2ce03131-db6e-4afe-8652-b9359246aa5a,PD202600415987,FIRE,2026-06-05T02:22:32.046000+00:00,21.59,plural,PD202600415987,0.4,,2.697,6515.7,0.423,36.2816,-86.7012,1.32
14bda3fa-c26c-42af-9323-19c7040d9b0a,PD202600417041,DISORDERLY PERSON,2026-06-05T13:05:06.718000+00:00,7.7,void,,,,3.921,1762.1,0.215,36.28,-86.7116,2.0
e90bdfac-dd04-4469-ab5c-7eb1db13ab84,PD202600417188,SUSPICIOUS PERSON,2026-06-05T14:30:34.093000+00:00,22.35,void,,,,4.048,3639.8,0.896,36.2792,-86.7084,1.71
7340684d-8dc7-4600-9d4f-6af7b5c308c8,PD202600417494,SUICIDAL PERSON,2026-06-05T16:46:38.809000+00:00,12.23,void,,,,2.087,7465.7,0.412,36.2696,-86.7012,0.99
fb73e5a8-0c0d-4cdf-a3e6-133c39f7cbe8,PD202600417285,DISORDERLY PERSON,2026-06-05T15:15:17.114000+00:00,9.35,void,,,,3.533,3280.6,0.586,36.2704,-86.7112,1.83
b027209a-9e0f-4f38-af4b-eea174334168,PD202600417924,DISORDERLY PERSON,2026-06-05T20:14:09.642000+00:00,20.85,void,,,,8.065,3036.2,0.181,36.2776,-86.7212,2.76
5e8092e8-b321-48e4-8acb-ada3b774dbe2,PD202600418284 / PD202600418306,PERSON INDECENTLY EXPOSED,2026-06-05T22:53:31.904000+00:00,15.9,plural,PD202600418306,-10.9,,7.391,1950.1,0.284,36.2832,-86.69,1.14
3d13a344-4c13-4b6c-9390-2d697d742ffc,PD202600418458,VEHICLE ACCIDENT-PERSONAL INJURY,2026-06-05T23:50:17.894000+00:00,12.84,collapsed,PD202600418458,-3.9,0.068,3.56,3014.2,0.3,36.2804,-86.708,1.73
4ac4436e-e492-42e2-9401-c5bbf1434c97,PD202600418545,BURGLARY - NON-RESIDENCE,2026-06-06T00:19:52.750000+00:00,10.72,plural,PD202600418545,2.3,,5.287,1700.3,0.169,36.2604,-86.7132,2.43
6bcee961-c690-4d38-9068-79598a986fa4,PD202600418746,VEHICLE ACCIDENT-PERSONAL INJURY,2026-06-06T01:35:54.593000+00:00,10.83,collapsed,PD202600418746,0.0,0.051,3.331,4063.4,0.213,36.2636,-86.6912,1.05
a5d83f27-3cb9-4a3f-aa08-206ec644a4b2,PD202600418937,PERSON WITH WEAPON,2026-06-06T03:02:10.032000+00:00,5.42,plural,PD202600418937,14.2,,0.0,,0.0,,,
06a965ed-3d49-43b6-8184-2b90f30b1f00,PD202600418796,THEFT,2026-06-06T01:53:48.589000+00:00,19.69,plural,PD202600418796,-0.7,,6.458,2572.0,0.118,36.272,-86.722,2.78
31cb8725-ecc6-42f4-a26a-9bd15c64378b,PD202600427294,ITEM / VEHICLE IS STOLEN,2026-06-09T13:30:27.285000+00:00,21.63,plural,PD202600427294,-0.4,,5.37,4609.9,0.449,36.2656,-86.7132,2.15
c18aa77c-c1cc-42d2-b590-13bd4130f21d,PD202600427294,ITEM / VEHICLE IS STOLEN,2026-06-09T13:46:44.356000+00:00,22.2,plural,PD202600427294,15.9,,3.982,6384.2,0.281,36.266,-86.7108,1.94
d4a9ad04-126f-4249-a791-26c53ce15acd,PD202600427392,DISORDERLY PERSON,2026-06-09T14:18:06.517000+00:00,7.6,void,,,,5.676,512.8,0.129,36.2988,-86.6964,2.91
4cf619a1-f8aa-48db-bdef-986fe9eb717d,PD202600427492,DISORDERLY PERSON,2026-06-09T15:26:23.439000+00:00,20.52,void,,,,5.277,6239.8,0.668,36.2928,-86.7004,2.36
f9c52a68-7aa7-45ab-8221-0ed89e6da1d1,PD202600427492,DISORDERLY PERSON,2026-06-09T15:42:36.796000+00:00,20.71,void,,,,5.174,9636.7,0.564,36.2928,-86.7024,2.43
5fd0efe1-7ceb-4567-85b0-f2f11928a2e7,PD202600427747,DOMESTIC DISTURBANCE,2026-06-09T17:25:00.094000+00:00,18.96,void,,,,4.683,2301.9,0.481,36.294,-86.6988,2.44
2812ff60-3a38-41cc-af80-dd90afeed097,PD202600427747,DOMESTIC DISTURBANCE,2026-06-09T17:12:48.947000+00:00,18.43,void,,,,5.118,10898.9,0.75,36.2944,-86.6996,2.5
a87d466f-5b60-4d3b-a8f7-3bf3118142b9,PD202600427897,BURGLARY - RESIDENCE,2026-06-09T18:28:02.796000+00:00,11.3,plural,PD202600427897,2.4,,3.31,4711.3,0.412,36.2756,-86.7056,1.34
f2b51288-8ca6-40e7-b193-fad47cb94992,PD202600428726,FIGHT / ASSAULT,2026-06-10T00:05:39.113000+00:00,19.16,plural,PD202600428726,13.9,,6.398,2319.7,0.526,36.2996,-86.6804,3.11
cb5c1611-b4d1-4d1d-8408-3569522a21d1,PD202600428726,FIGHT / ASSAULT,2026-06-09T23:51:48.671000+00:00,19.45,plural,PD202600428726,0.1,,6.823,4094.1,0.528,36.3,-86.6816,3.12
41982041-82db-4b66-b0ba-df1a5ef3928c,PD202600429203,DISORDERLY PERSON,2026-06-10T03:28:41.055000+00:00,11.23,void,,,,5.382,510.7,0.345,36.2892,-86.714,2.74
b1010793-466b-431c-8f8d-b2a59b5980fa,PD202600429898,BURGLARY - NON-RESIDENCE,2026-06-10T12:32:45.962000+00:00,3.63,collapsed,PD202600429898,3.6,0.049,1.157,3759.7,0.181,36.2764,-86.69,0.39
de6146b1-6bf1-4d66-a796-29283e2603ed,PD202600429956,BURGLARY - NON-RESIDENCE,2026-06-10T12:56:40.456000+00:00,10.06,plural,PD202600429956,1.5,,5.399,1794.4,0.191,36.2692,-86.6628,2.56
01c0db1d-ca5d-411d-b706-6d7fcbf546f8,PD202600430136,PERSON INDECENTLY EXPOSED,2026-06-10T14:13:36.340000+00:00,19.09,collapsed,PD202600430136,6.6,0.208,6.34,4534.2,0.51,36.3016,-86.6908,3.18
ef7c84d5-374b-485b-80c6-0ea916d99dd6,PD202600430165,BURGLARY - NON-RESIDENCE,2026-06-10T14:24:39.227000+00:00,19.86,collapsed,PD202600430165,2.9,0.093,6.928,1571.1,0.79,36.2636,-86.7244,3.17
75f9d69e-4077-4f52-b529-0d8ff58837a7,PD202600430434,BURGLARY - RESIDENCE,2026-06-10T16:45:45.638000+00:00,6.86,plural,PD202600430434,26.6,0.013,1.526,6129.9,0.281,36.2684,-86.6928,0.54
5b2e17a0-bd51-4388-be22-10d21564f18c,PD202600430534,SUSPICIOUS PERSON,2026-06-10T17:03:43.170000+00:00,11.39,plural,PD202600430534,1.8,,5.905,1583.1,0.183,36.2968,-86.6988,2.74
08e229ec-6db0-4ddf-9851-3d3fa17c0663,PD202600430740,VEHICLE ACCIDENT - PROPERTY DAMAGE,2026-06-10T18:43:20.618000+00:00,8.26,collapsed,PD202600430740,1.3,0.007,4.319,385.6,0.371,36.2628,-86.7128,2.26
0fd39664-bea3-4914-b2a8-88775e35e09c,PD202600431033,THEFT,2026-06-10T20:46:08.691000+00:00,4.36,plural,PD202600431033,-3.1,,0.9,3647.8,0.422,36.2704,-86.6892,0.33
9947fc56-846c-4333-8c1f-baa42b4a380b,PD202600431187,DOMESTIC DISTURBANCE,2026-06-10T22:18:16.308000+00:00,25.75,void,,,,3.421,5134.3,0.888,36.2716,-86.71,1.71
86178986-ed98-471c-942c-e8cbf38928c8,PD202600431187,DOMESTIC DISTURBANCE,2026-06-10T22:09:25.214000+00:00,10.92,void,,,,3.648,1540.0,0.832,36.2724,-86.71,1.7
b6d636f2-2562-47f4-b89b-88e5a6a626db,PD202600431168,PERSON WITH WEAPON,2026-06-10T21:46:49.199000+00:00,20.87,plural,PD202600431168,1.3,,4.212,17469.8,0.37,36.2636,-86.6788,1.51
c4575121-307e-4e7e-a5c0-e36d105177e5,PD202600431075,FIRE,2026-06-10T21:10:36.898000+00:00,10.25,plural,PD202600431075,-0.0,,6.271,1777.8,0.597,36.3,-86.7028,3.18
2c404070-c35f-43c0-96ff-5a25beb1a393,PD202600500881,VEHICLE ACCIDENT-PERSONAL INJURY,2026-07-07T14:45:46.927000+00:00,11.17,collapsed,PD202600500881,0.4,0.032,6.472,909.2,0.113,36.3008,-86.702,3.24
19673924-b6e5-450a-a0e9-5666695014db,FD202600102697,FIRE,2026-07-07T15:15:55.647000+00:00,4.81,no_citation,,,,0.347,10034.3,0.795,36.2712,-86.6916,0.21
59899b75-f2e6-40f4-ac3c-979d9eafd89f,PD202600501178,DISORDERLY PERSON,2026-07-07T17:17:48.977000+00:00,16.28,void,,,,8.303,840.0,0.533,36.2972,-86.7004,2.82
cf89e07e-a74b-4426-96c9-d0ad33076dd7,PD202600501880,BURGLARY - NON-RESIDENCE,2026-07-07T22:41:27.661000+00:00,8.88,plural,PD202600501880,2.6,,2.287,4852.9,0.582,36.2836,-86.6912,1.18
1bd5ebff-75e0-40d1-a211-fe8dea9455ae,PD202600501720,DISORDERLY PERSON,2026-07-07T21:37:48.305000+00:00,9.2,void,,,,2.438,2615.9,0.205,36.2664,-86.6952,0.82
8deb952c-05cb-471e-9df9-c3ce3b307c07,PD202600502050,DISORDERLY PERSON,2026-07-07T23:53:21.807000+00:00,11.43,void,,,,3.393,1085.4,0.291,36.2684,-86.7096,1.74
db511299-9e01-413e-8dd2-8c1e2f9e3b00,PD202600502286,DOMESTIC DISTURBANCE,2026-07-08T01:31:49.044000+00:00,12.63,plural,PD202600502286,0.2,,4.752,4132.3,0.424,36.2676,-86.7172,2.42
f6288ac4-73f1-4872-b43e-4289ff7be47b,PD202600502282,SUSPICIOUS PERSON,2026-07-08T01:30:20.579000+00:00,11.32,plural,PD202600502282,1.8,,3.741,2016.1,0.119,36.258,-86.6968,1.75
360b8e0a-22ba-468c-97a1-ea5f568ba751,PD202600502483,HOLDUP / ROBBERY,2026-07-08T03:21:59.287000+00:00,11.02,plural,PD202600502483,3.0,0.268,6.299,1028.0,0.316,36.302,-86.6916,3.23
3635750b-4127-429c-a03e-28636d938ede,PD202600503140,VEHICLE ACCIDENT - PROPERTY DAMAGE,2026-07-08T12:22:13.842000+00:00,19.92,plural,PD202600503140,-0.4,,5.722,4021.9,0.508,36.2528,-86.6764,2.6
aa857e6e-c879-4a0a-82f2-df57716c5250,PD202600503666,DOMESTIC DISTURBANCE,2026-07-08T16:06:36.579000+00:00,15.84,void,,,,2.556,11644.5,0.452,36.2672,-86.6972,0.85
05aa33fa-fd8f-4e54-8998-0c4c44750f04,PD202600503785,DISORDERLY PERSON,2026-07-08T16:59:18.624000+00:00,10.33,void,,,,5.84,449.9,0.109,36.256,-86.7168,2.99
4dab4ff4-a29e-473e-91fd-d3de6c050a3c,PD202600503841,DISORDERLY PERSON,2026-07-08T17:25:28.233000+00:00,17.71,plural,PD202600503841,2.7,,4.921,5513.5,0.317,36.2656,-86.7104,1.92
a0668049-3b33-49ad-a0f3-b052ca2ffe5e,PD202600504135,BURGLARY - RESIDENCE,2026-07-08T20:08:43.455000+00:00,16.45,plural,PD202600504135,-1.1,,5.363,3458.7,0.505,36.2588,-86.6784,1.94
d23ae024-a2fd-4c95-8d0d-13247676be63,PD202600504198,PERSON WITH WEAPON,2026-07-08T20:45:28.864000+00:00,12.45,plural,PD202600504198,1.7,,6.177,2948.1,0.388,36.2548,-86.7176,3.13
ec383e12-9b7b-45f8-80ba-8db0cbcea159,PD202600504289,DOMESTIC DISTURBANCE,2026-07-08T21:30:15.918000+00:00,14.25,plural,PD202600504289,3.7,,6.632,2082.8,0.12,36.2576,-86.6612,3.17
04beb45e-ada4-4b08-bd6f-6f872016ee37,PD202600504433,VEHICLE ACCIDENT-PERSONAL INJURY,2026-07-08T22:28:42.060000+00:00,17.35,plural,PD202600504433,0.1,,6.28,3859.4,0.206,36.2556,-86.716,2.96
bc285b9f-68dd-4587-b7c9-fcfe3314b77c,PD202600504450,VEHICLE ACCIDENT-PERSONAL INJURY,2026-07-08T22:37:25.252000+00:00,10.9,plural,PD202600504450,-0.8,,4.75,1621.4,0.154,36.2584,-86.6808,1.86
1ba4430d-9180-4903-ad93-3dd8d836acf4,PD202600504584,FIGHT / ASSAULT,2026-07-08T23:34:49.679000+00:00,18.49,collapsed,PD202600504584,0.5,0.057,3.386,7159.8,0.394,36.2584,-86.6876,1.65
00d8559d-3f1c-404c-8394-678ebd22485c,PD202600505710,SUSPICIOUS PERSON,2026-07-09T13:11:48.153000+00:00,18.96,plural,PD202600505710,-1.5,,6.647,3125.7,0.143,36.254,-86.6812,2.29
073115f6-a793-40b3-84ef-506ebe078f00,PD202600505710,SUSPICIOUS PERSON,2026-07-09T13:34:44.582000+00:00,19.99,plural,PD202600505710,21.4,,5.409,3077.5,0.691,36.2532,-86.6796,2.43
b47380e2-e6aa-4ae0-9039-78e28ad83a3a,PD202600506094,DOMESTIC DISTURBANCE,2026-07-09T15:25:28.729000+00:00,10.89,void,,,,2.501,6627.0,0.201,36.2692,-86.6852,0.67
efc404ee-40c5-4a72-8d3d-e3258d4a416f,PD202600505938,DISORDERLY PERSON,2026-07-09T14:57:06.569000+00:00,21.76,plural,PD202600505938,2.1,,6.016,2973.0,0.682,36.2548,-86.7168,3.07
f3d17d89-39ac-4f7f-b829-f8eed1869375,PD202600505938,FIGHT / ASSAULT,2026-07-09T15:08:31.837000+00:00,14.61,plural,PD202600505938,13.5,,6.375,1655.3,0.529,36.2552,-86.7172,3.07
94bd6313-eaa0-482c-a4ea-5a8435957811,PD202600506338,FIGHT / ASSAULT,2026-07-09T18:05:19.896000+00:00,19.86,collapsed,PD202600506338,9.9,0.059,5.888,1713.7,0.684,36.2556,-86.7164,2.99
207ab979-9a9a-41b2-b50a-29949fd95480,PD202600506338,FIGHT / ASSAULT,2026-07-09T17:54:22.972000+00:00,19.57,collapsed,PD202600506338,-1.1,0.01,6.869,4861.3,0.336,36.254,-86.7168,3.13
fbacf221-0089-4385-a7c9-1673986e2763,PD202600506759,DOMESTIC DISTURBANCE,2026-07-09T21:31:00.243000+00:00,16.06,void,,,,3.084,9234.1,0.179,36.2712,-86.6836,0.69
378492f9-0144-4bb3-ab5f-d094b051d1a8,PD202600507251,SAFETY HAZARD,2026-07-10T00:34:28.756000+00:00,15.69,collapsed,PD202600507251,-1.3,0.21,4.988,805.3,0.728,36.2952,-86.6996,2.59
e4560700-18c8-4c88-9b59-de48210e27f0,PD202600506553,VEHICLE ACCIDENT - PROPERTY DAMAGE,2026-07-09T19:44:37.722000+00:00,8.25,plural,PD202600506553,-0.8,,5.769,270.8,0.093,36.2988,-86.7004,2.99
fa42d51d-f6c0-4975-895e-cd5112b1f455,PD202600506761,BURGLARY - NON-RESIDENCE,2026-07-09T21:33:17.703000+00:00,13.17,plural,PD202600506761,0.8,0.473,6.24,1431.7,0.552,36.3016,-86.6876,3.19
7cd6075b-7f49-40d1-b467-375a2372ff31,PD202600507476,BURGLARY - NON-RESIDENCE,2026-07-10T02:15:28.172000+00:00,8.01,plural,PD202600507476,2.6,,1.795,5950.7,0.281,36.266,-86.6964,0.92
7ae24341-3f6b-424d-b5c3-71248f49185c,PD202600507344,DOMESTIC DISTURBANCE,2026-07-10T01:13:54.707000+00:00,10.57,void,,,,2.645,3478.1,0.409,36.2656,-86.6832,1.08
c2006e86-13fa-4d66-a858-f586fa420a32,PD202600507537,FIGHT / ASSAULT,2026-07-10T02:41:49.469000+00:00,16.55,plural,PD202600507537,0.2,,4.711,2122.5,0.459,36.262,-86.7136,2.37
ca7a19b4-bf5a-406e-b64e-40e2d66f948f,PD202600508784,PERSON WITH WEAPON,2026-07-10T16:43:06.746000+00:00,17.85,plural,PD202600508784,0.1,,7.681,1937.2,0.136,36.2568,-86.716,2.88
705a5248-17cb-4ad0-911d-0c78c40b7e0d,PD202600508784,PERSON WITH WEAPON,2026-07-10T17:11:35.902000+00:00,19.04,plural,PD202600508784,28.6,,7.042,2714.9,0.186,36.256,-86.7152,2.88
9833b710-5ad2-4fc9-87a2-225bbae27ec3,PD202600508875,KIDNAPPING,2026-07-10T17:25:00.838000+00:00,20.65,void,,,,4.087,6671.5,0.653,36.2568,-86.696,1.86
f713dafe-6dc8-4bb1-819a-f6788483e91e,PD202600508916,DOMESTIC DISTURBANCE,2026-07-10T17:46:43.552000+00:00,18.84,void,,,,6.402,3607.6,0.63,36.266,-86.726,3.23
e3d90c34-7a46-4149-82df-0ce8f38ed9c1,PD202600509182,FIGHT / ASSAULT,2026-07-10T19:53:39.347000+00:00,18.58,plural,PD202600509182,-0.2,,7.195,3232.6,0.253,36.254,-86.7168,3.13
15c2743b-e2cd-4c35-a206-46ab8e77a361,PD202600509360,PERSON WITH WEAPON,2026-07-10T21:14:02.377000+00:00,13.23,collapsed,PD202600509360,-1.0,0.127,5.311,2178.2,0.671,36.2588,-86.7156,2.71
6869bd1a-b93f-4f31-b75f-8d85fd96b5c7,PD202600509952,DISORDERLY PERSON,2026-07-11T01:10:43.904000+00:00,18.06,void,,,,6.226,3219.6,0.316,36.2488,-86.6768,2.98
2fd6515a-a24d-4f1e-a97d-794a9fce1c4f,PD202600510072,SHOTS FIRED,2026-07-11T02:12:43.098000+00:00,5.56,plural,PD202600510072,-0.0,,1.563,1515.9,0.225,36.2668,-86.6864,0.8
b7aa6242-1425-4975-b355-1cadfbf53ee3,PD202600510039,VEHICLE ACCIDENT-PERSONAL INJURY,2026-07-11T01:55:46.079000+00:00,11.08,plural,PD202600510039,-0.8,,5.53,695.6,0.215,36.2564,-86.7144,2.79
0677129b-d03d-4e8f-926a-ef51a1d49ec6,"PD202600518491, PD202600518505",DOMESTIC DISTURBANCE,2026-07-14T16:36:49.120000+00:00,18.57,collapsed,PD202600518505,-11.1,0.012,6.855,3735.5,0.32,36.2568,-86.7148,2.79
7bd9c316-6f6c-44f8-860d-f4ec4f3132db,PD202600518598,SUSPICIOUS PERSON,2026-07-14T17:33:35.566000+00:00,16.88,void,,,,3.565,5041.3,0.377,36.2632,-86.682,1.36
72caa89e-9f76-4614-bb44-12b33831b031,PD202600518654,DISORDERLY PERSON,2026-07-14T18:02:03.023000+00:00,14.2,void,,,,4.376,5447.5,0.384,36.264,-86.7132,2.23
61f8cf4c-303b-427c-8150-2209beee6702,PD202600518840,HOLDUP / ROBBERY,2026-07-14T19:45:57.251000+00:00,4.05,plural,PD202600518840,14.8,1.176,2.571,98.7,0.045,36.272,-86.684,0.64
20826282-76e5-4716-9611-1ec3d29660e0,PD202600518840,HOLDUP / ROBBERY,2026-07-14T19:31:39.030000+00:00,20.21,collapsed,PD202600518840,0.5,0.066,5.144,4864.0,0.521,36.2672,-86.6644,2.47
9f577102-3cea-4998-bff3-1130690e633b,PD202600519146,INTOXICATED PERSON,2026-07-14T22:03:36.374000+00:00,15.99,plural,PD202600519146,0.3,,3.636,5980.8,0.763,36.264,-86.7036,1.51
13a5bd91-4784-4a22-b55e-a339038e0e0b,PD202600519074,SUSPICIOUS PERSON,2026-07-14T21:34:06.717000+00:00,11.22,plural,PD202600519074,2.8,,4.322,3300.2,0.28,36.2604,-86.7096,2.18
471e1e56-0185-4803-bd8f-e7c94ed7bfda,PD202600519576,BURGLARY - NON-RESIDENCE,2026-07-15T00:58:15.207000+00:00,20.09,collapsed,PD202600519576,1.9,0.003,6.392,3968.0,0.214,36.2912,-86.7052,2.39
6ee666d8-5790-4796-9194-b9d9c0dfd0dd,PD202600519576,BURGLARY - NON-RESIDENCE,2026-07-15T01:11:52.458000+00:00,7.7,plural,PD202600519576,15.5,0.171,4.511,320.5,0.2,36.2904,-86.706,2.36
86016474-712f-4cc7-9003-4116315a5715,PD202600519248,VEHICLE ACCIDENT - PROPERTY DAMAGE,2026-07-14T22:49:29.500000+00:00,6.06,collapsed,PD202600519248,-0.7,0.084,1.552,1797.3,0.379,36.2668,-86.6872,0.77
c587ef4e-c56d-4992-8e08-117a6779ac7d,PD202600519679,VEHICLE ACCIDENT-PERSONAL INJURY,2026-07-15T01:35:58.786000+00:00,7.27,plural,PD202600519679,0.2,,2.223,1776.9,0.619,36.2632,-86.6848,1.22
9bcadd89-8e75-4276-81ee-40cb88d9a880,PD202600519764,DISORDERLY PERSON,2026-07-15T02:16:26.577000+00:00,10.21,plural,PD202600519764,-0.4,,5.097,2937.1,0.24,36.292,-86.7072,2.56
a5117e5f-f10c-4648-b28b-bb183321c6a6,PD202600520953,DISORDERLY PERSON,2026-07-15T15:02:50.051000+00:00,21.17,plural,PD202600520953,-1.7,,4.985,6773.1,0.402,36.2548,-86.7012,2.22
85268d08-a551-4d32-9487-8846aec83819,PD202600520947,DISORDERLY PERSON,2026-07-15T15:07:36.861000+00:00,19.84,void,,,,6.269,6230.4,0.652,36.302,-86.6908,3.22
9ffd9925-399a-4a26-a851-3d3db556bcab,PD202600521069,PERSON WITH WEAPON,2026-07-15T15:58:16.779000+00:00,14.61,collapsed,PD202600521069,-0.5,0.094,8.018,2776.3,0.217,36.25,-86.6768,2.86
6bcda1b2-3e80-4b3e-91a3-5391883f2c1f,PD202600520988,BURGLARY - RESIDENCE,2026-07-15T15:24:53.828000+00:00,18.48,plural,PD202600520988,2.9,,3.626,3887.0,0.418,36.27,-86.7072,1.49
26c55be9-e36f-4dcb-8ca4-1a30a11e4f2e,PD202600521239,DISORDERLY PERSON,2026-07-15T17:58:01.004000+00:00,15.54,void,,,,6.781,2396.5,0.256,36.3,-86.6952,3.03
ba487ca7-0af9-4413-a0c3-c39d91514402,PD202600521198,DOMESTIC DISTURBANCE,2026-07-15T17:17:44.151000+00:00,14.94,void,,,,5.824,2703.9,0.265,36.2836,-86.7184,2.72
11f07e7e-98cd-455c-ae94-f3d237d87677,PD202600521549,FIGHT / ASSAULT,2026-07-15T20:39:27.779000+00:00,16.9,plural,PD202600521549,-1.2,,5.835,3202.0,0.373,36.2576,-86.7132,2.63
112874da-62a6-47c9-8231-e231b67cd566,PD202600521549,FIGHT / ASSAULT,2026-07-15T21:04:18.419000+00:00,7.48,plural,PD202600521549,23.6,,4.715,91.5,0.252,36.2588,-86.712,2.46
dffad99d-0138-4ea1-b90b-6261047b30f3,PD202600521848,PERSON WITH WEAPON,2026-07-15T22:58:42.488000+00:00,16.36,plural,PD202600521848,-1.5,,6.759,2563.6,0.25,36.254,-86.7168,3.13
422058fe-ef6a-4f8c-a27c-5dac76d73aa2,PD202600521862,DISORDERLY PERSON,2026-07-15T23:10:17.417000+00:00,15.72,void,,,,7.081,1571.1,0.147,36.3012,-86.6996,3.23
805325fd-7f24-4800-830c-d797151e9974,PD202600522005,VEHICLE ACCIDENT-PERSONAL INJURY,2026-07-16T00:19:56.666000+00:00,18.23,plural,PD202600522005,-2.7,,5.285,4828.1,0.185,36.258,-86.7128,2.57
eaee0224-1855-4249-992a-f028af44213a,PD202600521971,DISORDERLY PERSON,2026-07-16T00:07:10.092000+00:00,17.26,void,,,,6.206,2628.0,0.272,36.2964,-86.6992,2.7
63a30d1d-72de-4d54-97ce-d4d93d5d1fb0,PD202600522005,VEHICLE ACCIDENT-PERSONAL INJURY,2026-07-16T00:31:42.496000+00:00,18.63,plural,PD202600522005,9.1,,7.186,2445.2,0.158,36.2616,-86.7104,2.15
ac828447-d66c-4306-b5c1-46fff80d2237,PD202600522151,BURGLARY - NON-RESIDENCE,2026-07-16T01:38:13.756000+00:00,14.33,plural,PD202600522151,1.5,,5.092,4586.7,0.317,36.2616,-86.7104,2.15
52a85056-0872-4eb6-8a82-b6bb8c733bd5,PD202600522210,DOMESTIC DISTURBANCE,2026-07-16T02:07:34.117000+00:00,16.69,void,,,,7.078,1871.5,0.137,36.2632,-86.722,2.99
d012e930-b151-4545-a243-f12632ee7046,PD202600523032,DISORDERLY PERSON,2026-07-16T12:19:05.848000+00:00,18.9,plural,PD202600523032,-0.5,,6.143,3068.6,0.429,36.2568,-86.7136,2.71
deb78e70-e3f7-4860-b119-07590239898d,PD202600523108,DISORDERLY PERSON,2026-07-16T13:02:30.867000+00:00,10.04,plural,PD202600523108,3.4,,4.167,2316.1,0.162,36.2616,-86.7076,1.95
3b2346f7-7a12-400b-a7ca-de606a5e6b98,PD202600523183,DOMESTIC DISTURBANCE,2026-07-16T13:28:11.217000+00:00,19.47,void,,,,9.601,2578.0,0.074,36.2612,-86.7144,2.47
08dfd6cf-f907-4954-853e-4e02a6becb13,PD202600523288,VEHICLE ACCIDENT-PERSONAL INJURY,2026-07-16T14:16:48.369000+00:00,6.8,collapsed,PD202600523288,-1.1,0.101,2.472,3612.3,0.591,36.2632,-86.6856,1.19
d2940953-3545-4336-b21c-5db32dafb84e,PD202600523316,DOMESTIC DISTURBANCE,2026-07-16T14:33:30.919000+00:00,10.94,collapsed,PD202600523316,-1.9,0.235,1.982,13280.1,0.745,36.2728,-86.6892,0.16
786f33f2-1c1d-4607-a776-95ac742fa3f2,PD202600523429,SUSPICIOUS PERSON,2026-07-16T15:24:27.292000+00:00,17.87,void,,,,3.881,7401.8,0.215,36.2736,-86.7028,1.06
4f51a86c-4fff-4c59-915c-1cc126121810,PD202600523503,DISORDERLY PERSON,2026-07-16T16:05:52.621000+00:00,14.28,plural,PD202600523503,4.1,,5.003,4342.2,0.197,36.264,-86.7104,2.01
e9df26c7-cfc5-425b-9d11-197745d2737d,PD202600523429,THEFT,2026-07-16T17:13:40.498000+00:00,14.19,void,,,,3.737,5663.4,0.127,36.2648,-86.6816,1.24
2e208cfd-c350-49ae-a7ad-7cd20449c003,PD202600523753,FIGHT / ASSAULT,2026-07-16T17:59:30.041000+00:00,18.18,plural,PD202600523753,-5.6,,7.106,2447.0,0.554,36.2996,-86.7032,3.15
aadceda3-332d-4104-b341-52247c3f6c60,PD202600523965,FIGHT / ASSAULT,2026-07-16T20:06:43.976000+00:00,19.06,plural,PD202600523965,3.4,,6.734,4434.5,0.383,36.302,-86.6908,3.22
0a04fc07-ba31-49fa-9840-c1eaa439861b,PD202600524172,VEHICLE ACCIDENT-PERSONAL INJURY,2026-07-16T22:17:14.733000+00:00,9.34,plural,PD202600524172,26.1,1.108,2.906,3017.8,0.599,36.2644,-86.702,1.37
504d5d7a-579e-48a2-8a8e-c158e3ec9dc0,PD202600524500,CUTTING / STABBING,2026-07-17T00:12:03.705000+00:00,18.76,plural,PD202600524500,1.4,,6.405,4212.1,0.338,36.3016,-86.6916,3.18
26684034-f0a3-4764-a10f-78fce128f838,PD202600524172,SUSPICIOUS PERSON,2026-07-16T22:22:50.520000+00:00,9.19,plural,PD202600524172,31.7,0.006,4.115,3106.3,0.263,36.2548,-86.6984,2.13
b80ae8bc-70a1-4403-93e0-f6acc7cc02ed,PD202600524500,CUTTING / STABBING,2026-07-17T00:25:01.270000+00:00,11.11,plural,PD202600524500,14.4,,6.271,1755.7,0.385,36.302,-86.6916,3.23
d03eb144-b9e4-4a6e-ba4e-0f6c5d2c0872,PD202600524753,VEHICLE ACCIDENT - PROPERTY DAMAGE,2026-07-17T01:49:45.745000+00:00,18.69,plural,PD202600524753,-2.1,,5.881,3211.7,0.182,36.2836,-86.7004,1.45
ee77e7c8-a89a-4be0-a1f5-278af4dc4ebf,PD202600524899,DISORDERLY PERSON,2026-07-17T02:56:37.433000+00:00,14.95,void,,,,4.082,3775.6,0.485,36.2648,-86.712,2.09
e2318a04-e878-4090-9e1a-e625ca1477c6,PD202600524914,BURGLARY - NON-RESIDENCE,2026-07-17T03:11:34.416000+00:00,10.86,plural,PD202600524914,2.0,,5.839,1213.3,0.3,36.2848,-86.7208,2.98
7ec7f725-7361-4d13-b12a-f2115067a5d1,PD202600525686,VEHICLE ACCIDENT - PROPERTY DAMAGE,2026-07-17T12:31:08.638000+00:00,14.29,collapsed,PD202600525686,-8.0,0.084,7.03,1356.8,0.169,36.3008,-86.7008,3.21
85493e6d-d425-42c0-bc80-cd91d9305261,PD202600525788,VEHICLE ACCIDENT - PROPERTY DAMAGE,2026-07-17T13:39:30.937000+00:00,10.0,void,,,,3.66,3069.1,0.26,36.262,-86.6772,1.74
c1f7b922-4ac8-4102-bc92-1784836a6e51,PD202600525970,DISORDERLY PERSON,2026-07-17T15:17:31.236000+00:00,11.73,void,,,,5.502,4864.7,0.453,36.2972,-86.7008,2.83
c2ec7eef-bc5d-4814-805e-8a5beb4613c8,"PD202600525859,PD202600525874",VEHICLE ACCIDENT - PROPERTY DAMAGE,2026-07-17T14:12:08.079000+00:00,15.33,plural,PD202600525859,-0.4,,6.484,2194.7,0.32,36.3016,-86.694,3.19
6a037221-f0e2-4c3d-a256-7cb22387541f,PD202600526145,DISORDERLY PERSON,2026-07-17T16:54:31.108000+00:00,18.49,plural,PD202600526145,2.5,0.326,4.855,3233.2,0.291,36.2536,-86.6808,2.34
cc5999e7-7b57-40d5-ae8b-766ce690967c,PD202600526037,HOLDUP / ROBBERY,2026-07-17T15:50:44.386000+00:00,11.36,collapsed,PD202600526037,1.8,0.089,5.097,1333.8,0.367,36.2628,-86.7104,2.08
754b5418-2521-4408-8c28-d7a28ecfca7b,PD202600526171,FIGHT / ASSAULT,2026-07-17T17:06:44.064000+00:00,16.7,plural,PD202600526171,-0.9,,4.875,8709.7,0.318,36.262,-86.7104,2.13
fa305ebd-bc1d-453b-897e-6d350c51f26a,PD202600526317,DOMESTIC DISTURBANCE,2026-07-17T18:23:00.585000+00:00,13.13,void,,,,3.175,5592.4,0.378,36.2656,-86.682,1.15
483a9cf6-b7a4-4f24-8208-0b996ad92796,PD202600526433,BURGLARY - RESIDENCE,2026-07-17T19:18:59.696000+00:00,21.0,void,,,,3.583,12911.1,0.435,36.2704,-86.7064,1.41
d7abd4fa-29bc-4356-bc2c-a83dfcc33a75,PD202600526357,HOLDUP / ROBBERY,2026-07-17T18:47:19.121000+00:00,7.44,plural,PD202600526357,2.0,,4.298,555.4,0.099,36.2636,-86.71,2.0
0e3fcb66-3859-471a-ac9d-664009f59dcd,PD202600526554,BURGLARY - NON-RESIDENCE,2026-07-17T20:20:43.006000+00:00,17.45,plural,PD202600526554,1.4,,5.578,6593.2,0.143,36.2676,-86.7112,1.91
b1a52abe-ca25-47b1-8793-6c5a7eed27e4,PD202600526799,THEFT,2026-07-17T22:27:27.154000+00:00,17.16,plural,PD202600526799,17.2,,5.755,4799.7,0.231,36.296,-86.698,2.63
bdd2f14d-c7ba-4c41-98d1-f7e101ac7ba0,PD202600526799,THEFT,2026-07-17T22:09:20.612000+00:00,16.74,plural,PD202600526799,-0.9,,7.149,3412.6,0.09,36.292,-86.7024,2.35
166ab435-833b-4a86-93b9-19d44993e28a,PD202600526822,DISORDERLY PERSON,2026-07-17T22:27:47.790000+00:00,11.84,void,,,,5.307,2953.0,0.438,36.2596,-86.714,2.54
b9e6cf60-6194-4f52-bed8-6f9e5e08c4e0,PD202600527061,DOMESTIC DISTURBANCE,2026-07-18T00:33:31.921000+00:00,20.84,void,,,,5.029,5473.2,0.59,36.2592,-86.7088,2.21
a9222cda-6f5e-4a18-a23f-511012c6637d,PD202600527160,PERSON WITH WEAPON,2026-07-18T01:21:15.530000+00:00,19.34,plural,PD202600527160,1.4,,5.342,6170.4,0.222,36.268,-86.6684,2.1
76066406-cec0-423d-9c98-aa5daf2b4c2f,PD202600527160,PERSON WITH WEAPON,2026-07-18T01:32:02.318000+00:00,15.73,plural,PD202600527160,12.2,,5.323,3531.8,0.092,36.2688,-86.67,1.94
537c0c35-3ee0-4513-95db-cb5c5ab31c53,PD202600527160,PERSON WITH WEAPON,2026-07-18T01:42:23.637000+00:00,19.96,plural,PD202600527160,22.5,,5.567,3411.6,0.086,36.2696,-86.6696,1.96
987a2aa0-43de-4053-969b-ed5b7aad2aba,PD202600537202,DISORDERLY PERSON,2026-07-22T13:34:18.272000+00:00,11.47,void,,,,6.045,779.7,0.12,36.296,-86.698,2.63
27d93ec6-9088-4212-8c65-439ea1a847b9,PD202600537315,DISORDERLY PERSON,2026-07-22T14:21:04.321000+00:00,16.96,void,,,,4.205,2027.5,0.839,36.2644,-86.7124,2.14
6b97e964-3fac-46fe-8729-f5177fffe81f,PD202600537349,BURGLARY - RESIDENCE,2026-07-22T14:43:20.010000+00:00,11.34,plural,PD202600537349,1.7,,6.222,1116.0,0.239,36.2716,-86.726,3.14
e474e5d9-0dc9-4bcc-a75f-ae5e2c4ce576,PD202600537434,DISORDERLY PERSON,2026-07-22T15:21:09.863000+00:00,19.46,void,,,,5.637,4812.6,0.233,36.2568,-86.7132,2.68
fad4fa39-4021-41b0-bc65-59aa2d158dd2,PD202600537551,DISORDERLY PERSON,2026-07-22T16:35:38.450000+00:00,19.12,void,,,,5.898,5149.8,0.194,36.2624,-86.7112,2.16
ab7a9340-3cb1-4477-8119-b706328cbad8,PD202600537441,THEFT,2026-07-22T16:42:50.496000+00:00,19.22,plural,PD202600537441,72.4,,8.112,1916.6,0.109,36.2964,-86.7124,3.23
98097b9d-5086-4620-a436-49717ba4af23,PD202600537952,DISORDERLY PERSON,2026-07-22T19:53:53.161000+00:00,14.8,void,,,,5.706,4538.7,0.178,36.2592,-86.7156,2.69
86c1d0eb-c604-4c6b-91f8-f4aa0cce6f06,PD202600538123,DISORDERLY PERSON,2026-07-22T21:32:03.783000+00:00,19.47,void,,,,6.8,5356.9,0.404,36.2972,-86.6976,2.76
b2b4015b-5e6b-4cc9-b2ef-d50fc655ae00,PD202600538277,VEHICLE ACCIDENT - PROPERTY DAMAGE,2026-07-22T22:48:22.784000+00:00,6.88,collapsed,PD202600538277,-0.1,0.1,2.611,1093.4,0.741,36.2628,-86.682,1.39
4b723704-ce5d-41c1-a322-3a15421c4681,PD202600538474,DOMESTIC DISTURBANCE,2026-07-23T00:36:50.402000+00:00,21.58,void,,,,1.989,20507.3,0.531,36.268,-86.6844,0.81
fa1502d2-d1eb-4ebc-9e1a-0147bab0cd52,PD202600538468,SUSPICIOUS PERSON,2026-07-23T00:32:10.012000+00:00,17.44,void,,,,6.077,2852.5,0.528,36.2552,-86.6816,2.15
029656ea-501b-451d-871b-12b02e35e0a2,PD202600538516,DISORDERLY PERSON,2026-07-23T00:50:53.956000+00:00,18.11,plural,PD202600538516,-4.9,,7.855,3520.6,0.086,36.2556,-86.6804,2.16
e75ab1ee-2d7f-4b7b-b177-332d69d2db29,PD202600539663,BURGLARY - NON-RESIDENCE,2026-07-23T13:56:29.346000+00:00,9.95,plural,PD202600539663,2.2,,4.19,3171.9,0.129,36.2796,-86.7068,1.6
9c326e39-9287-4f54-b976-733c18eedb1d,PD202600539816,BURGLARY - NON-RESIDENCE,2026-07-23T15:36:50.992000+00:00,9.4,collapsed,PD202600539816,5.4,0.129,4.788,1881.6,0.332,36.2928,-86.7012,2.38
5bcb5ea0-11d6-4ed2-959f-9451fc04c070,PD202600539831,VEHICLE ACCIDENT - PROPERTY DAMAGE,2026-07-23T15:42:46.722000+00:00,12.91,plural,PD202600539831,4.6,,3.703,7031.7,0.565,36.268,-86.7096,1.76
05770219-046d-45bd-b9c0-e83879e87db3,PD202600539872,DISORDERLY PERSON,2026-07-23T16:06:59.932000+00:00,21.17,void,,,,2.194,13566.7,0.889,36.2664,-86.7,1.09
c2315d31-1e60-4db3-ac11-9ea44f554dde,PD202600540021,DISORDERLY PERSON,2026-07-23T17:38:25.866000+00:00,5.84,collapsed,PD202600540021,-4.5,0.062,1.731,4101.2,0.103,36.2764,-86.6888,0.43
1031c179-0de0-4be0-b271-eeb59d434da0,PD202600540021,DISORDERLY PERSON,2026-07-23T17:41:14.684000+00:00,21.45,plural,PD202600540021,-1.7,0.591,1.398,21312.8,0.35,36.2696,-86.6912,0.38
0b6672df-0a9f-4b49-9a07-385fbc314eb0,PD202600540021,DISORDERLY PERSON,2026-07-23T17:59:57.649000+00:00,13.64,plural,PD202600540021,17.0,0.583,1.149,20620.8,0.465,36.27,-86.6908,0.33
b3486bc8-a537-4f73-b4a7-12d60d54ba83,PD202600539984,DISORDERLY PERSON,2026-07-23T17:15:25.564000+00:00,20.13,void,,,,5.265,3040.0,0.773,36.2592,-86.7144,2.6
e8e034ca-74a2-4bb9-9aa7-f7a5cf99fe1f,PD202600539873,BURGLARY - RESIDENCE,2026-07-23T16:20:24.729000+00:00,15.81,plural,PD202600539873,12.6,0.606,4.721,3514.4,0.233,36.288,-86.6852,1.75
5f49640f-5920-4507-8087-22bc58410b37,PD202600540081,DISORDERLY PERSON,2026-07-23T18:18:09.948000+00:00,21.15,collapsed,PD202600540081,-0.4,0.041,3.814,4141.3,0.905,36.266,-86.7104,1.91
2e13176b-5945-4cd6-89fc-3db9baca1374,PD202600540489,DISORDERLY PERSON,2026-07-23T21:54:10.716000+00:00,15.3,void,,,,4.429,2499.1,0.331,36.2564,-86.6964,1.91
9e2414ba-e1b3-4325-9136-f9396fddbe4e,PD202600540618,DISORDERLY PERSON,2026-07-23T22:34:49.117000+00:00,14.55,void,,,,6.448,3061.5,0.204,36.2996,-86.6988,3.04
c8b7a976-7cbc-4b25-9c2e-57f2430ea3fd,PD202600540659,DISORDERLY PERSON,2026-07-23T22:51:27.044000+00:00,19.78,void,,,,5.155,4580.8,0.641,36.2956,-86.6988,2.61
d1e93acb-e610-4a65-a194-969da9264377,PD202600540971,DOMESTIC DISTURBANCE,2026-07-24T01:07:08.791000+00:00,16.95,void,,,,5.331,4606.1,0.296,36.2936,-86.6928,2.3
440881d4-ce8f-4555-a371-6b479a00af26,PD202600540238,MISSING PERSON,2026-07-23T23:32:02.174000+00:00,20.13,plural,PD202600540238,213.5,,5.979,3653.2,0.076,36.2556,-86.6924,1.94
820f2c84-a4b5-4b77-a162-d61d691e1df8,PD202600540238,MISSING PERSON,2026-07-23T23:48:55.788000+00:00,16.64,plural,PD202600540238,230.4,,4.565,3228.4,0.159,36.2552,-86.6912,1.98
979f3591-515d-4898-86f6-09ab2c920f70,PD202600541038,SUSPICIOUS PERSON,2026-07-24T01:51:09.834000+00:00,16.95,plural,PD202600541038,5.0,,4.061,5513.7,0.394,36.2628,-86.7088,1.96
da93eeb6-201b-45d9-a183-5b6038973ab9,PD202600541034,VEHICLE ACCIDENT-PERSONAL INJURY,2026-07-24T01:42:50.220000+00:00,7.9,plural,PD202600541034,-0.1,,2.357,4674.7,0.464,36.2636,-86.6844,1.2
eba17dc0-32db-4222-971a-31f046b4de3a,PD202600541224,PERSON WITH WEAPON,2026-07-24T03:12:38.812000+00:00,15.67,plural,PD202600541224,4.4,,10.205,802.2,0.088,36.296,-86.6992,2.66
27b5ef98-fc3f-42c2-a71a-3711d0b5bf7c,PD202600541224,PERSON WITH WEAPON,2026-07-24T03:06:32.402000+00:00,18.13,plural,PD202600541224,-1.7,,9.997,1255.6,0.088,36.2516,-86.7012,2.55
436b3df4-0104-4180-adc9-488c3acae27f,PD202600542170,SUICIDAL PERSON,2026-07-24T13:37:36.636000+00:00,13.84,void,,,,2.809,8383.7,0.424,36.2684,-86.6972,0.76
52b86b58-45ca-4e2c-b46b-5c7d4f858b0a,PD202600542105,PERSON INDECENTLY EXPOSED,2026-07-24T12:50:43.332000+00:00,21.64,plural,PD202600542105,-0.3,,4.045,9594.9,0.456,36.264,-86.7108,2.04
eeda8994-3109-4b2e-8778-b879361a63ab,PD202600542194,DISORDERLY PERSON,2026-07-24T13:54:25.954000+00:00,10.53,void,,,,4.773,1599.9,0.468,36.2644,-86.714,2.27
658acb26-0b6c-489e-a97f-2b8680b99280,PD202600542018,HOLDUP / ROBBERY,2026-07-24T11:58:02.463000+00:00,10.56,plural,PD202600542018,1.7,,5.531,1017.5,0.258,36.2612,-86.7144,2.47
1217d277-3ff2-4c25-951a-1269a0d75405,PD202600542341,SUSPICIOUS PERSON,2026-07-24T15:07:45.932000+00:00,22.59,collapsed,PD202600542341,2.1,0.062,4.739,6817.5,0.214,36.2788,-86.712,1.99
319bed28-bc7b-48ff-85ff-bd5017931f45,PD202600542444,BURGLARY - RESIDENCE,2026-07-24T16:08:17.976000+00:00,6.33,collapsed,PD202600542444,1.1,0.005,1.743,4348.1,0.168,36.2668,-86.6956,0.8
e7998464-6db2-445d-9411-c036a49a1011,PD202600542498,BURGLARY - NON-RESIDENCE,2026-07-24T16:38:19.519000+00:00,17.16,plural,PD202600542498,1.9,,8.06,2498.4,0.104,36.284,-86.7232,3.13
65e8fcd3-0876-47de-b9bc-087859366627,PD202600542551,DOMESTIC DISTURBANCE,2026-07-24T17:03:30.629000+00:00,20.82,void,,,,7.684,5062.2,0.151,36.2552,-86.7172,3.07
426a258c-bd0f-4b54-becc-5178209f3913,PD202600542555,INTOXICATED PERSON,2026-07-24T17:22:10.906000+00:00,19.91,collapsed,PD202600542555,13.4,0.069,5.52,3559.4,0.593,36.2588,-86.7116,2.43
75ae7a8e-737d-4a55-93e2-79536465b8b3,PD202600542797,DISORDERLY PERSON,2026-07-24T20:14:32.400000+00:00,13.09,void,,,,6.084,3424.2,0.648,36.3008,-86.6936,3.1
3d40fa10-3fdc-420b-878d-90ff1131e7b0,PD202600542797,DISORDERLY PERSON,2026-07-24T20:02:10.511000+00:00,20.46,void,,,,6.332,5685.4,0.817,36.3012,-86.6932,3.14
5a85c359-ce09-4475-967b-327ae4cce771,PD202600542872,DOMESTIC DISTURBANCE,2026-07-24T20:30:17.836000+00:00,6.14,void,,,,3.044,1383.1,0.095,36.2676,-86.6968,0.79
5bca327b-49ee-4ce5-aead-9982c0e3d1cf,PD202600543010,DISORDERLY PERSON,2026-07-24T21:40:23.765000+00:00,12.21,void,,,,6.002,1488.1,0.119,36.2636,-86.7116,2.12
e9a8aee3-45fa-47c2-80eb-86157913d95c,PD202600543153,DISORDERLY PERSON,2026-07-24T23:11:41.468000+00:00,17.5,void,,,,6.451,5769.6,0.631,36.302,-86.6908,3.22
30740bdb-2fae-47e1-84a0-9d979083cc22,PD202600543341,VEHICLE ACCIDENT - PROPERTY DAMAGE,2026-07-25T00:46:18.922000+00:00,21.32,collapsed,PD202600543341,2.5,0.1,2.4,10833.1,0.858,36.2636,-86.692,1.05
d7b469ca-644e-4a45-8d38-72b05bcad2e3,7/24/2026 8:14:27 PM,THEFT,2026-07-25T01:12:22.898000+00:00,20.61,no_citation,,,,6.218,5555.6,0.172,36.292,-86.702,2.33
efe9f628-1116-46d3-a24d-2711d6469a03,PD202600543507,DOMESTIC DISTURBANCE,2026-07-25T02:18:01.027000+00:00,17.99,plural,PD202600543507,2.3,0.294,4.222,5591.2,0.66,36.2912,-86.6936,2.04
44a2b6d7-2de2-4f18-9364-a2dca2da3565,PD202600548751,VEHICLE ACCIDENT-PERSONAL INJURY,2026-07-27T13:54:11.106000+00:00,10.0,plural,PD202600548751,-0.3,,5.446,1676.0,0.225,36.2632,-86.7176,2.62
fabe3498-74d7-4d5b-bc88-738fa04206f6,PD202600548811,DISORDERLY PERSON,2026-07-27T14:32:42.687000+00:00,18.49,void,,,,5.077,1678.6,0.836,36.2588,-86.712,2.46
514d80f0-4a66-44d3-8def-66544ca40e46,PD202600548944,SUSPICIOUS PERSON,2026-07-27T15:48:09.481000+00:00,19.8,plural,PD202600548944,0.2,,6.503,2750.5,0.215,36.2548,-86.716,3.02
2a1e9ab4-7c1f-4693-b8d5-2051d0d30a6f,PD202600548944,DISORDERLY PERSON,2026-07-27T15:01:59.463000+00:00,18.33,plural,PD202600548944,-46.0,,5.154,3462.0,0.234,36.262,-86.7144,2.43
01ed1b98-7a75-4da1-8add-1659f0dcf020,PD202600549189,VEHICLE ACCIDENT-PERSONAL INJURY,2026-07-27T18:10:57.888000+00:00,11.58,plural,PD202600549189,-0.7,,4.753,1994.4,0.24,36.264,-86.7128,2.2
59611727-3ac6-4d90-aeb8-f2dfd0b87d76,PD202600549131,VEHICLE ACCIDENT - PROPERTY DAMAGE,2026-07-27T17:45:32.275000+00:00,8.75,plural,PD202600549131,6.0,,0.686,47808.2,0.652,36.272,-86.6876,0.32
ee89fb8b-921e-497f-bf97-98422f800a28,PD202600549323,DISORDERLY PERSON,2026-07-27T19:15:35.318000+00:00,16.83,plural,PD202600549323,0.5,0.285,6.422,3827.6,0.737,36.2604,-86.6588,3.21
3c4c3160-3747-4b0b-b383-92ddd9210ae3,PD202600549510,DISORDERLY PERSON,2026-07-27T20:49:04.270000+00:00,10.02,void,,,,2.515,4795.6,0.122,36.2716,-86.6876,0.34
ac3bdfa7-af66-4fcd-a5a5-12685678e7b2,PD202600549350,VEHICLE ACCIDENT-PERSONAL INJURY,2026-07-27T19:28:31.515000+00:00,18.82,plural,PD202600549350,-0.4,,6.811,1662.8,0.513,36.3016,-86.6936,3.19
9acf091d-c560-4093-9845-922e6f88a625,PD202600550008,DISORDERLY PERSON,2026-07-28T00:20:59.304000+00:00,11.37,void,,,,6.547,1036.7,0.062,36.2544,-86.7176,3.16
76747577-5c26-45bd-8a5e-47f04dec00fa,PD202600549673,SUICIDAL PERSON,2026-07-27T22:30:58.264000+00:00,11.8,plural,PD202600549673,35.9,,3.229,11392.0,0.391,36.2632,-86.6776,1.62
c5b2fcbf-f0f8-4608-b472-9e66f05727b8,PD202600549673,SUICIDAL PERSON,2026-07-27T21:56:27.401000+00:00,21.8,plural,PD202600549673,1.4,,4.293,8066.2,0.188,36.2636,-86.6764,1.68
568c8f5d-61be-4489-ae0e-ca5c7794e55b,PD202600549974,DOMESTIC DISTURBANCE,2026-07-28T00:05:52.099000+00:00,11.47,void,,,,4.313,351.7,0.557,36.2572,-86.676,2.21
3dff886a-f0ff-4699-bd26-88656dac991d,PD202600550130,PERSON WITH WEAPON,2026-07-28T01:22:51.839000+00:00,10.99,void,,,,2.769,3481.2,0.4,36.2788,-86.702,1.18
d99a7106-1779-4a66-bcd0-af573b93a98c,PD202600551456,VEHICLE ACCIDENT - PROPERTY DAMAGE,2026-07-28T15:54:10.090000+00:00,6.93,plural,PD202600551456,1.2,,2.152,7683.8,0.391,36.2628,-86.6904,1.14
5f26c116-9612-41d5-9c1d-9d9d22c687ac,PD202600551491,DISORDERLY PERSON,2026-07-28T16:13:29.626000+00:00,18.29,collapsed,PD202600551491,-0.0,0.244,6.394,2741.3,0.835,36.3016,-86.6912,3.18
147599d2-a9fb-4cb9-be67-52f31a53da01,PD202600551999,PERSON INDECENTLY EXPOSED,2026-07-28T20:15:52.769000+00:00,19.0,void,,,,5.519,4836.1,0.746,36.2572,-86.7152,2.79
1b285ccc-ea3b-45ac-96db-7734e3ff04e0,PD202600552050,DISORDERLY PERSON,2026-07-28T20:38:51.054000+00:00,15.65,collapsed,PD202600552050,1.3,0.15,5.172,2930.9,0.76,36.2596,-86.7148,2.6
790e9bcc-894a-448a-b201-7ba0bd8559eb,PD202600552010,VEHICLE ACCIDENT-PERSONAL INJURY,2026-07-28T20:24:44.146000+00:00,1.31,plural,PD202600552010,0.6,,0.284,822.9,0.389,36.2752,-86.6912,0.25
76ba9795-58ac-48b7-95b7-8ff4d95ef65f,PD202600552148,DISORDERLY PERSON,2026-07-28T21:19:09.506000+00:00,7.83,void,,,,2.842,3384.0,0.193,36.2656,-86.7008,1.2
0f9086c0-9bad-41e5-98fb-258f9e8bc12f,PD202600552325,DOMESTIC DISTURBANCE,2026-07-28T22:29:35.670000+00:00,20.47,void,,,,3.096,9771.5,0.715,36.2668,-86.6928,0.71
61ff0f0d-54fb-4041-912e-d7a557915a03,PD202600552551,BURGLARY - RESIDENCE,2026-07-28T23:57:35.960000+00:00,15.88,collapsed,PD202600552551,1.0,0.011,7.038,1309.6,0.263,36.2524,-86.6716,2.88
3a001a90-2329-4931-a3f6-950e7a6dd220,PD202600552701,DISORDERLY PERSON,2026-07-29T01:29:16.265000+00:00,16.45,void,,,,2.108,13570.5,0.151,36.2728,-86.6884,0.23
3fef1492-1549-4903-b02a-0572beccd02d,PD202600552701,DISORDERLY PERSON,2026-07-29T01:46:50.276000+00:00,11.86,void,,,,1.275,13172.9,0.229,36.2732,-86.6884,0.23
c737e9a1-77f9-4420-81d8-6dce58f32b42,PD202600552701,DISORDERLY PERSON,2026-07-29T01:25:02.245000+00:00,19.37,void,,,,2.989,7767.1,0.084,36.2756,-86.6868,0.47
0f0360e8-cb67-440c-b324-01572aee6254,PD202600552833,FIGHT / ASSAULT,2026-07-29T02:18:48.856000+00:00,6.0,void,,,,1.411,14809.8,0.434,36.2704,-86.6836,0.72
a37311fc-05d3-45b0-ae31-261a62da7820,PD202600552850,BURGLARY - NON-RESIDENCE,2026-07-29T02:35:17.402000+00:00,14.06,plural,PD202600552850,2.9,,5.516,2992.3,0.136,36.2592,-86.7108,2.35
cf9b5bf1-a007-413c-8027-6e5fd592428b,PD202600552943,FIGHT / ASSAULT,2026-07-29T03:41:55.560000+00:00,12.57,void,,,,2.399,1793.8,0.445,36.2708,-86.6844,0.64
acb9eb47-1719-49c4-863c-0450204378bf,PD202600552943,FIGHT / ASSAULT,2026-07-29T03:28:42.001000+00:00,21.25,void,,,,2.65,9089.9,0.473,36.2644,-86.6808,1.32
d1ebfd5a-e5f8-4f02-bdf3-0f8adf838139,PD202600552943,FIGHT / ASSAULT,2026-07-29T03:21:37.217000+00:00,12.93,void,,,,2.64,7530.6,0.253,36.2704,-86.6852,0.59
6dffa950-94a0-4093-b734-4fdab9d180d0,PD202600554137,VEHICLE ACCIDENT - PROPERTY DAMAGE,2026-07-29T16:59:48.519000+00:00,3.9,plural,PD202600554137,1.0,,1.496,1671.8,0.114,36.2756,-86.6912,0.29
0a69512e-da61-447d-a5c3-6a98c21a8e86,PD202600554265,DISORDERLY PERSON,2026-07-29T18:17:43.187000+00:00,17.82,void,,,,2.875,6652.6,0.663,36.2612,-86.6916,1.31
22aea509-0eab-45c6-a416-aad134ac5ac6,PD202600554281,DISORDERLY PERSON,2026-07-29T18:17:59.591000+00:00,16.46,void,,,,6.632,4268.4,0.11,36.2576,-86.7164,2.85
5909cb60-cbeb-4d86-ba80-dc988cd1b296,PD202600554408,DOMESTIC DISTURBANCE,2026-07-29T19:10:03.254000+00:00,10.64,void,,,,5.045,1409.7,0.385,36.2568,-86.6752,2.29
be4ba12b-0843-4974-b77c-28ab5cc74c60,PD202600554405,VEHICLE ACCIDENT - PROPERTY DAMAGE,2026-07-29T19:17:31.570000+00:00,6.77,plural,PD202600554405,6.6,,2.055,5313.5,0.397,36.2688,-86.6928,0.49
35220abc-1bc5-4d81-a625-41543f044bd8,PD202600554429,DISORDERLY PERSON,2026-07-29T19:28:52.341000+00:00,21.1,void,,,,3.674,5982.0,0.827,36.268,-86.7112,1.89
c12f7f9b-b2dd-4e11-ad1f-55fb4971bc39,PD202600554644,DOMESTIC DISTURBANCE,2026-07-29T21:11:12.135000+00:00,19.96,void,,,,4.666,4333.8,0.646,36.2656,-86.7008,1.2
3e9eb3ec-b6c0-4feb-93e8-bb6efcd6d6b4,PD202600554601,DISORDERLY PERSON,2026-07-29T20:55:10.313000+00:00,17.47,void,,,,6.236,3392.1,0.393,36.2968,-86.7028,2.85
3b445759-98d9-4907-afc7-89da3d493563,PD202600554698,SHOTS FIRED,2026-07-29T21:35:51.572000+00:00,17.85,plural,PD202600554698,1.0,,5.331,4242.3,0.764,36.2524,-86.702,2.49
3357b4a5-39d5-4d5b-85fc-fea5736f3afc,PD202600554915,VEHICLE ACCIDENT-PERSONAL INJURY,2026-07-29T23:28:03.663000+00:00,4.72,plural,PD202600554915,1.6,,0.34,14177.9,0.891,36.2724,-86.6888,0.21
bb42e9c0-58e7-486e-9e7f-d41dfced682c,PD202600554817,HOLDUP / ROBBERY,2026-07-29T22:48:49.878000+00:00,11.75,plural,PD202600554817,1.7,,5.386,981.0,0.416,36.2568,-86.7144,2.77
e7aaae75-0fac-42e6-b9a2-0e3bafc1daa2,PD202600554872,WANT OFFICER FOR INVESTIGATION / ASSISTANCE,2026-07-29T23:45:15.842000+00:00,15.46,void,,,,9.509,1310.6,0.061,36.2644,-86.6908,0.96
49ac62ba-4d38-412b-b790-1de40306106f,PD202600555117,SUSPICIOUS PERSON,2026-07-30T01:11:24.756000+00:00,8.56,plural,PD202600555117,2.3,,0.918,13813.1,0.747,36.2708,-86.6892,0.29
1f3f7bb9-4275-4cdb-b25b-27f3fcd9be3d,PD202600555117,SUICIDAL PERSON,2026-07-30T01:28:44.687000+00:00,6.02,plural,PD202600555117,19.6,,0.493,16644.7,0.797,36.2708,-86.6892,0.29
9d78fe03-e65f-4696-b462-437aa7964c85,PD202600554900,DOMESTIC DISTURBANCE,2026-07-30T00:16:35.521000+00:00,17.42,void,,,,6.45,3525.5,0.278,36.252,-86.6748,2.75
1f95a292-7046-4e45-baf8-c8e24013d1ef,PD202600556279,DISORDERLY PERSON,2026-07-30T13:22:31.688000+00:00,11.89,void,,,,5.305,2135.1,0.117,36.2608,-86.7144,2.5
4de78c07-9d54-4caf-b25b-14007eae5ef8,PD202600556534,DISORDERLY PERSON,2026-07-30T15:02:22.535000+00:00,11.95,void,,,,2.96,4844.5,0.661,36.264,-86.6956,1.08
05b01157-8685-4fcf-a73d-02e7f583e22f,PD202600556561,DOMESTIC DISTURBANCE,2026-07-30T15:13:22.174000+00:00,19.92,void,,,,5.88,7034.9,0.392,36.2632,-86.6644,2.62
c0e5236b-7865-496c-9807-7819af5bfc92,PD202600556818,VEHICLE BLOCKING RIGHT OF WAY,2026-07-30T17:26:42.488000+00:00,7.95,plural,PD202600556818,0.2,,1.099,23973.6,0.301,36.2708,-86.6904,0.25
d1070e14-cfa3-46dd-ae0c-f5509a0145f1,PD202600556881,VEHICLE ACCIDENT-PERSONAL INJURY,2026-07-30T17:57:44.366000+00:00,12.69,collapsed,PD202600556881,0.0,0.152,4.571,4413.9,0.45,36.2936,-86.6944,2.31
644a932b-80aa-4093-af99-e46c2070a817,PD202600556974,DISORDERLY PERSON,2026-07-30T18:49:52.166000+00:00,19.43,void,,,,4.471,6194.7,0.482,36.266,-86.71,1.87
da92adfd-e789-49f4-8c16-b30611190e40,PD202600557069,VEHICLE ACCIDENT - PROPERTY DAMAGE,2026-07-30T19:22:52.484000+00:00,13.61,plural,PD202600557069,-1.7,,6.087,3582.7,0.539,36.3008,-86.6936,3.1
aedbd151-7648-4c30-84f7-265d90fdc458,PD202600557375,SUICIDAL PERSON,2026-07-30T21:50:23.529000+00:00,12.97,collapsed,PD202600557375,1.2,0.234,6.064,2067.5,0.166,36.3004,-86.6908,3.05
8cfa7d9b-7b3a-49d1-a82f-e9a41b19d59b,PD202600557192,WANT OFFICER FOR INVESTIGATION / ASSISTANCE,2026-07-30T21:56:24.654000+00:00,9.38,void,,,,1.641,9891.4,0.36,36.27,-86.6932,0.39
76c1aee6-b0a1-4c45-84e4-36555b3f3276,FD202600114838  ,FIRE,2026-07-30T23:58:50.932000+00:00,11.23,no_citation,,,,6.199,1706.7,0.128,36.2556,-86.7152,2.91
976aa59f-8777-4b8b-8c8c-06c3497e6f23,PD202600557377,VEHICLE ACCIDENT - PROPERTY DAMAGE,2026-07-31T00:33:49.922000+00:00,2.56,plural,PD202600557377,163.2,,0.379,6600.1,0.827,36.2704,-86.6904,0.29
5ff15392-9383-4dc0-ac13-2dd0867159f6,PD202600557766,DISORDERLY PERSON,2026-07-31T00:52:34.198000+00:00,8.33,collapsed,PD202600557766,-2.1,0.023,4.453,1111.1,0.063,36.2564,-86.6772,2.22
4144d3de-6d10-4f78-91b4-f1abfbe4a92f,PD202600558043,PERSON WITH WEAPON,2026-07-31T03:11:10.346000+00:00,15.83,plural,PD202600558043,1.0,,3.691,6492.0,0.183,36.2676,-86.6972,0.82
ac8c76ea-2ab9-4a06-afcc-36113a34f8ed,PD202600559226,SAFETY HAZARD,2026-07-31T16:10:44.963000+00:00,17.7,plural,PD202600559226,0.9,,8.866,2306.6,0.121,36.262,-86.7168,2.62
2a4b35b8-c77f-40a1-b425-8e8562570809,PD202600559303,DISORDERLY PERSON,2026-07-31T16:45:36.197000+00:00,20.77,void,,,,6.533,4744.7,0.49,36.302,-86.688,3.24
99661603-b148-43fd-ac7c-ffd1f92c6555,PD202600559519,DISORDERLY PERSON,2026-07-31T18:35:44.280000+00:00,16.26,collapsed,PD202600559519,-0.9,0.075,6.229,5284.1,0.63,36.254,-86.7168,3.13
80be694e-b552-4e51-8c60-51ac2b92d242,PD202600559840,BURGLARY - NON-RESIDENCE,2026-07-31T21:17:26.673000+00:00,9.85,plural,PD202600559840,1.2,,3.304,3071.7,0.182,36.2736,-86.7064,1.38
e0b0e03f-0d7b-40cf-8096-690abe397224,PD202600560300,DISORDERLY PERSON,2026-08-01T00:47:28.466000+00:00,7.75,void,,,,4.477,1181.8,0.125,36.2876,-86.7028,1.94
079989fa-2d2c-4c7f-8281-995a65058c85,PD202600559979,THEFT,2026-07-31T22:19:09.758000+00:00,19.24,plural,PD202600559979,1.4,,6.346,3353.4,0.904,36.302,-86.694,3.24
03f1b2af-ddf0-4f75-b7d2-7c42ac7a506c,PD202600560434/PD202600560464,BURGLARY - NON-RESIDENCE,2026-08-01T01:49:08.804000+00:00,16.68,plural,PD202600560434,2.5,,5.484,3205.2,0.197,36.2668,-86.6992,1.01
2b61ef07-9404-403c-9410-134273770903,PD202600560431,BURGLARY - NON-RESIDENCE,2026-08-01T01:47:26.655000+00:00,12.26,plural,PD202600560431,1.1,,6.645,332.2,0.25,36.3,-86.694,3.01
0395d04b-6ee4-4b69-9bf6-c4506eb1b91f,PD202600560687,SHOTS FIRED,2026-08-01T03:38:42.360000+00:00,20.33,plural,PD202600560687,-1.3,,5.485,5857.9,0.423,36.2516,-86.7028,2.6
1c3c2450-9d79-4f10-ba40-d68d1b2b78bd,PD202600560687,SHOTS FIRED,2026-08-01T03:51:34.325000+00:00,15.29,plural,PD202600560687,11.5,,5.45,2919.9,0.38,36.2516,-86.7024,2.59
59988072-71f1-4c95-81e8-583fa5248bc8,PD202600568500,DISORDERLY PERSON,2026-08-04T14:39:20.228000+00:00,12.81,void,,,,4.944,4776.1,0.393,36.2644,-86.714,2.27
bbb2fc5d-5fec-4bde-bcac-313f5ef563d7,PD202600568743,VEHICLE ACCIDENT-PERSONAL INJURY,2026-08-04T16:39:19.723000+00:00,6.72,plural,PD202600568743,3.3,,2.851,2579.1,0.532,36.2736,-86.708,1.53
a27feb53-caab-4267-ad67-2e6c6ea96702,PD202600568842,SUSPICIOUS PERSON,2026-08-04T17:38:38.074000+00:00,15.37,void,,,,4.629,3011.5,0.167,36.264,-86.6944,1.05
3204e4af-0d45-41af-a854-6e2734bea0f9,PD202600569155,BURGLARY - RESIDENCE,2026-08-04T20:36:01.475000+00:00,12.41,plural,PD202600569155,1.8,,5.467,2552.5,0.175,36.2816,-86.7176,2.57
6797eabb-74e9-40ce-81d2-fb037edb1213,PD202600569236,PERSON WITH WEAPON,2026-08-04T21:15:32.971000+00:00,12.39,plural,PD202600569236,1.0,,1.071,19220.2,0.529,36.2712,-86.6948,0.4
924bda5a-0084-49c5-b1e9-41a99d640f30,PD202600569346,SAFETY HAZARD,2026-08-04T22:18:01.056000+00:00,9.64,plural,PD202600569346,1.8,,3.741,2340.4,0.291,36.2808,-86.708,1.75
138a57ca-9c5d-4bea-b04f-e908bc311784,PD202600569464,DISORDERLY PERSON,2026-08-04T23:16:40.821000+00:00,16.67,void,,,,4.158,4012.7,0.28,36.2728,-86.6688,1.99
cdee1165-ab0e-4604-91b5-c7cd0300af6c,PD202600569519,KIDNAPPING,2026-08-04T23:45:51.638000+00:00,14.89,plural,PD202600569519,-0.3,,5.951,3043.5,0.134,36.264,-86.6644,2.59
9dd287a7-40eb-4fbe-978c-5e7e59a23a6d,PD202600569517,BURGLARY - NON-RESIDENCE,2026-08-04T23:57:43.739000+00:00,7.95,collapsed,PD202600569517,12.8,0.018,2.577,2219.2,0.118,36.266,-86.6996,1.1
c7be81cc-7cbd-4f75-bb29-334453eb7081,PD202600569580,SUSPICIOUS PERSON,2026-08-05T00:14:16.223000+00:00,11.51,plural,PD202600569580,1.8,,2.963,5110.8,0.2,36.2664,-86.6956,0.84
3f7eb2f3-bd7b-4e0f-afd3-52305e74695d,PD202600569612,DISORDERLY PERSON,2026-08-05T00:32:21.327000+00:00,11.79,void,,,,5.804,1668.2,0.091,36.2932,-86.7032,2.5
cf8d82ed-457d-41be-9106-b4467a34d2c6,PD202600569788,BURGLARY - RESIDENCE,2026-08-05T02:07:03.434000+00:00,7.7,collapsed,PD202600569788,1.0,0.069,3.236,1565.1,0.188,36.282,-86.7036,1.51
919bc920-14b9-4cd0-b9ad-eab331354442,PD202600569846,VEHICLE ACCIDENT-PERSONAL INJURY,2026-08-05T02:38:27.507000+00:00,10.0,plural,PD202600569846,-0.8,,3.355,4366.2,0.272,36.2728,-86.7096,1.67
d9c08866-2f13-460b-861c-63b82d53c4a8,PD202600569971,DISORDERLY PERSON,2026-08-05T03:30:46.599000+00:00,19.33,void,,,,6.848,2912.1,0.146,36.2964,-86.6988,2.69
887ed112-049f-4831-99e8-7a4161193a42,PD202600571190,DISORDERLY PERSON,2026-08-05T16:43:47.354000+00:00,11.34,void,,,,4.003,2898.5,0.4,36.2804,-86.71,1.89
0acd8155-84c7-4168-a3f1-0ab88b3f48f8,PD202600570646,DISORDERLY PERSON,2026-08-05T12:18:34.671000+00:00,14.49,void,,,,6.468,1941.2,0.129,36.2968,-86.7,2.77
51406c25-d307-4814-bcb5-fb4b7ef7f061,PD202600571335,DISORDERLY PERSON,2026-08-05T18:02:30.738000+00:00,12.46,void,,,,5.177,2165.4,0.385,36.2588,-86.7148,2.65
8362caa3-6af8-4288-8156-1d05a3811240,PD202600571958,VEHICLE ACCIDENT-PERSONAL INJURY,2026-08-05T22:55:09.160000+00:00,18.27,plural,PD202600571958,1.4,,6.368,2503.7,0.744,36.302,-86.692,3.23
4046cf84-7cbd-47e3-b613-dc64bda7a398,PD202600572002,BURGLARY - NON-RESIDENCE,2026-08-05T23:22:05.679000+00:00,7.58,plural,PD202600572002,11.8,,4.459,806.9,0.128,36.2536,-86.6812,2.33
4ee3afe7-fe63-4093-b21c-b9833b7c7c8c,PD202600572002,BURGLARY - NON-RESIDENCE,2026-08-05T23:09:17.354000+00:00,18.3,plural,PD202600572002,-1.0,,6.911,4893.2,0.344,36.254,-86.6812,2.29
f815fa49-3444-4c30-8d03-fa9e14769c3d,PD202600572126,SUSPICIOUS PERSON,2026-08-06T00:03:51.257000+00:00,1.95,plural,PD202600572126,4.8,,0.856,276.1,0.143,36.2776,-86.6912,0.51
8a881c58-f150-49e8-9ec4-540d1f808ea6,PD202600571943,HOLDUP / ROBBERY,2026-08-05T22:49:31.193000+00:00,14.89,plural,PD202600571943,1.0,,4.262,4158.7,0.645,36.292,-86.6956,2.15
1cba840d-2e1e-4f7c-a226-020b28110a38,PD202600572200,Explosion,2026-08-06T00:47:10.707000+00:00,8.49,collapsed,PD202600572200,1.2,0.023,2.539,4552.6,0.156,36.2736,-86.6944,0.31
872e9650-1bdd-4b71-a98c-bfdd59cff13c,PD202600572304,SHOTS FIRED,2026-08-06T01:51:41.565000+00:00,15.66,plural,PD202600572304,1.6,,6.052,4162.3,0.172,36.2512,-86.7024,2.63
05a591dc-64df-4eb3-a643-3264d4485649,PD202600572309,BURGLARY - RESIDENCE,2026-08-06T01:56:55.003000+00:00,9.94,plural,PD202600572309,1.5,,2.387,5774.3,0.228,36.2748,-86.7012,0.94
d0a9e51e-2ea2-436e-83ad-fe824d4191a5,PD202600572337,DOMESTIC DISTURBANCE,2026-08-06T02:15:14.822000+00:00,10.58,plural,PD202600572337,4.0,,2.792,6153.1,0.168,36.2628,-86.6948,1.18
6d835598-88f7-48b7-a8e3-f9388867ff46,PD202600572429,VEHICLE ACCIDENT-PERSONAL INJURY,2026-08-06T02:59:21.979000+00:00,10.07,collapsed,PD202600572429,-0.3,0.059,5.115,635.7,0.218,36.2576,-86.7132,2.63
600bf8cc-7245-47d8-b4f6-05c68d72300a,PD202600572456,FIGHT / ASSAULT,2026-08-06T03:13:35.196000+00:00,16.23,collapsed,PD202600572456,-1.8,0.158,3.219,3682.8,0.844,36.2796,-86.7068,1.6
bd5a5908-8402-48b6-9703-f55c77fba9c1,PD202600573158,DOMESTIC DISTURBANCE,2026-08-06T12:29:40.113000+00:00,18.06,void,,,,5.45,2161.9,0.515,36.2632,-86.6628,2.75
7799fd05-1951-471d-bc69-6cfd55e3d1d6,PD202600573311,DISORDERLY PERSON,2026-08-06T13:35:45.494000+00:00,14.0,void,,,,6.46,3064.6,0.221,36.2968,-86.7,2.77
3f02807a-d19e-4a1e-9c43-c97a7c2fd883,PD202600573261,VEHICLE ACCIDENT - PROPERTY DAMAGE,2026-08-06T13:11:14.854000+00:00,20.12,plural,PD202600573261,-2.0,,6.885,4152.6,0.601,36.3012,-86.6932,3.14
5524d01c-4f53-43eb-83a5-10ca0b0a7093,PD202600573621,BURGLARY - RESIDENCE,2026-08-06T16:12:56.070000+00:00,18.6,collapsed,PD202600573621,5.1,0.098,6.656,4659.1,0.246,36.2676,-86.7252,3.12
a3e84638-18e9-4289-883b-53a64bac9715,PD202600573859,THEFT,2026-08-06T17:53:47.610000+00:00,8.69,plural,PD202600573859,-1.5,,4.973,1130.9,0.072,36.2912,-86.7024,2.27
09d4f235-aa5c-4560-91e9-512ec93ab228,PD202600573866,SUSPICIOUS PERSON,2026-08-06T18:03:01.514000+00:00,12.26,void,,,,4.47,3357.4,0.113,36.258,-86.6848,1.76
b29b7ba0-c329-4369-88a8-0ca580649b13,PD202600573927,DOMESTIC DISTURBANCE,2026-08-06T18:23:45.788000+00:00,20.1,void,,,,5.411,5821.7,0.409,36.2588,-86.7112,2.4
439ea100-bc53-45f6-b821-547bb89777d5,PD202600574332,VEHICLE ACCIDENT - PROPERTY DAMAGE,2026-08-06T21:31:27.831000+00:00,9.79,plural,PD202600574332,-0.9,,1.96,3949.2,0.799,36.264,-86.6916,1.0
e0d9e3ab-d486-4f20-9c7b-7c2f27aa8ebf,PD202600574268,HOLDUP / ROBBERY,2026-08-06T21:10:13.558000+00:00,5.51,plural,PD202600574268,1.1,,3.71,88.4,0.027,36.2724,-86.6928,0.17
20be8130-f468-4e14-9d87-271ed572c632,PD202600574551,PERSON WITH WEAPON,2026-08-06T23:04:38.331000+00:00,17.18,collapsed,PD202600574551,1.3,0.139,6.912,2393.2,0.156,36.256,-86.7192,3.16
55e9c5c4-5bc1-416a-963c-827949150b90,PD202600574551,PERSON WITH WEAPON,2026-08-06T23:17:08.356000+00:00,16.91,plural,PD202600574551,13.8,0.318,7.555,2394.8,0.092,36.2564,-86.7188,3.1
3c61ac21-234f-4fa6-9d5b-0f31333afa0f,FD202600118260,FIRE,2026-08-07T00:02:04.944000+00:00,9.94,no_citation,,,,4.72,1949.8,0.177,36.2812,-86.7116,2.06
abd523cd-76eb-43f0-bb85-3ea9afd17d1c,PD202600574797,DISORDERLY PERSON,2026-08-07T01:08:29.842000+00:00,15.48,void,,,,5.718,1498.5,0.236,36.2652,-86.6624,2.71
25b4b7bf-17d8-4bde-b655-a5532349da74,PD202600574997,BURGLARY - NON-RESIDENCE,2026-08-07T02:49:07.127000+00:00,6.99,plural,PD202600574997,1.3,,3.199,1527.2,0.119,36.2808,-86.7004,1.21
ed03d8a7-fe34-42e5-9f67-d024d5632946,PD202600575957,DOMESTIC DISTURBANCE,2026-08-07T14:10:13.746000+00:00,17.78,void,,,,2.835,9732.2,0.488,36.268,-86.7008,1.04
13693a91-c8aa-47bc-bb29-670d42b9fd3c,PD202600576082,DISORDERLY PERSON,2026-08-07T15:32:51.147000+00:00,18.78,void,,,,4.424,2477.6,0.809,36.2648,-86.7136,2.22
8f587d65-33b9-43d5-b318-f2f25575f99c,PD202600576906,VEHICLE ACCIDENT - PROPERTY DAMAGE,2026-08-07T22:49:49.844000+00:00,8.81,plural,PD202600576906,0.2,,4.618,1143.5,0.28,36.2916,-86.7032,2.34
f248e3f6-a207-4893-a865-a1244657298f,PD202600577227,THEFT,2026-08-08T01:29:27.525000+00:00,13.78,plural,PD202600577227,-0.6,,5.415,2661.3,0.333,36.2584,-86.7144,2.65
41e64102-9eec-4c96-9e91-9875868ed0d4,PD202600577403,BURGLARY - NON-RESIDENCE,2026-08-08T03:05:51.763000+00:00,11.86,collapsed,PD202600577403,1.0,0.004,5.637,1354.2,0.141,36.2668,-86.6636,2.55
